{"level":"info","message":"Server running on port 3001","timestamp":"2025-04-06T12:42:12.744Z"}
{"level":"info","message":"Server running on port 3001","timestamp":"2025-04-06T13:03:41.125Z"}
{"level":"info","message":"Server running on port 3001","timestamp":"2025-04-06T13:03:45.855Z"}
{"level":"info","message":"Server running on port 3001","timestamp":"2025-04-07T08:08:31.996Z"}
{"level":"info","message":"Server running on port 3001","timestamp":"2025-04-07T08:45:07.538Z"}
{"level":"info","message":"Server running on port 3001","timestamp":"2025-04-07T08:51:00.503Z"}
{"level":"info","message":"Server running on port 3001","timestamp":"2025-04-07T08:51:23.898Z"}
{"level":"info","message":"Server running on port 3001","timestamp":"2025-04-07T08:51:31.551Z"}
{"level":"info","message":"Server running on port 3001","timestamp":"2025-04-07T08:51:34.239Z"}
{"level":"info","message":"Server running on port 3001","timestamp":"2025-04-07T08:51:36.151Z"}
{"level":"info","message":"Server running on port 3001","timestamp":"2025-04-07T08:51:59.838Z"}
{"level":"info","message":"Server running on port 3001","timestamp":"2025-04-07T08:54:18.491Z"}
{"level":"info","message":"Server running on port 3001","timestamp":"2025-04-09T17:34:36.735Z"}
{"level":"info","message":"Server running on port 3001","timestamp":"2025-04-09T19:09:20.108Z"}
{"level":"info","message":"Server running on port 3001","timestamp":"2025-04-09T19:22:50.038Z"}
{"level":"info","message":"Server running on port 3001","timestamp":"2025-04-09T19:32:19.883Z"}
{"level":"info","message":"Server running on port 3000","timestamp":"2025-04-09T19:50:07.470Z"}
{"level":"info","message":"Server running on port 3000","timestamp":"2025-04-09T19:52:37.598Z"}
{"level":"info","message":"Server running on port 3001","timestamp":"2025-04-09T19:53:20.119Z"}
{"level":"info","message":"Server running on port 30011","timestamp":"2025-04-09T19:53:24.602Z"}
{"level":"info","message":"Server running on port 3000","timestamp":"2025-04-09T19:53:28.475Z"}
{"level":"info","message":"Server running on port 3000","timestamp":"2025-04-09T19:53:31.108Z"}
{"level":"info","message":"Server running on port 3000","timestamp":"2025-04-09T19:53:34.145Z"}
{"level":"info","message":"Server running on port 3000","timestamp":"2025-04-09T19:53:42.158Z"}
{"level":"info","message":"Server running on port 3000","timestamp":"2025-04-09T19:54:19.431Z"}
{"level":"info","message":"Server running on port 3000","timestamp":"2025-04-09T20:05:26.607Z"}
{"level":"info","message":"Server running on port 3000","timestamp":"2025-04-09T20:06:21.167Z"}
{"level":"info","message":"Server running on port 3000","timestamp":"2025-04-09T20:09:23.195Z"}
{"level":"info","message":"Server running on port 3000","timestamp":"2025-04-09T20:11:25.922Z"}
{"level":"info","message":"Server running on port 3000","timestamp":"2025-04-09T20:12:07.123Z"}
{"level":"info","message":"Server running on port 3000","timestamp":"2025-04-09T20:12:08.083Z"}
{"level":"info","message":"Server running on port 3000","timestamp":"2025-04-09T20:13:05.608Z"}
{"level":"info","message":"Server running on port 3000","timestamp":"2025-04-09T20:31:35.059Z"}
{"level":"info","message":"Server running on port 3000","timestamp":"2025-04-09T20:35:27.956Z"}
{"level":"info","message":"Server running on port 3000","timestamp":"2025-04-09T20:35:46.638Z"}
{"level":"info","message":"Server running on port 3000","timestamp":"2025-04-09T20:43:13.515Z"}
{"level":"info","message":"Server running on port 3000","timestamp":"2025-04-09T20:45:47.103Z"}
{"level":"info","message":"Server running on port 3000","timestamp":"2025-04-09T21:20:11.313Z"}
{"level":"info","message":"Server running on port 3001","timestamp":"2025-04-11T16:59:00.631Z"}
{"level":"info","message":"Server running on port 3001","timestamp":"2025-04-11T17:03:22.317Z"}
{"level":"info","message":"Server running on port 3001","timestamp":"2025-04-11T17:04:40.441Z"}
{"level":"info","message":"Server running on port 3001","timestamp":"2025-04-11T17:04:44.730Z"}
{"level":"info","message":"Server running on port 3001","timestamp":"2025-04-11T17:04:48.887Z"}
{"level":"info","message":"Server running on port 3001","timestamp":"2025-04-11T17:04:57.873Z"}
{"level":"info","message":"Server running on port 3001","timestamp":"2025-04-11T17:05:01.489Z"}
{"level":"info","message":"Server running on port 3001","timestamp":"2025-04-11T17:05:04.339Z"}
{"level":"info","message":"Server running on port 3001","timestamp":"2025-04-11T17:05:09.903Z"}
{"level":"info","message":"Server running on port 3001","timestamp":"2025-04-11T17:05:14.256Z"}
{"level":"info","message":"Server running on port 3001","timestamp":"2025-04-11T17:05:16.741Z"}
{"level":"info","message":"Server running on port 3001","timestamp":"2025-04-11T17:05:24.674Z"}
{"level":"info","message":"Server running on port 3001","timestamp":"2025-04-11T17:05:25.995Z"}
{"level":"info","message":"Server running on port 3001","timestamp":"2025-04-11T17:05:39.917Z"}
{"level":"info","message":"New socket connection: vHE8n6zQdzbKRJH8AXXc","timestamp":"2025-04-11T18:27:17.120Z"}
{"level":"info","message":"User krishna yadav disconnected","timestamp":"2025-04-11T18:27:19.520Z"}
{"level":"info","message":"New socket connection: fjUdexQ6Fr9jh8LpAXXe","timestamp":"2025-04-11T18:27:20.842Z"}
{"level":"info","message":"User krishna yadav disconnected","timestamp":"2025-04-11T18:27:22.316Z"}
{"level":"info","message":"New socket connection: wbxy-GL75qt7o4GlAXXg","timestamp":"2025-04-11T18:27:23.393Z"}
{"level":"info","message":"User krishna yadav disconnected","timestamp":"2025-04-11T18:27:41.330Z"}
{"level":"info","message":"New socket connection: QUzZJZ1yknVN_kAsAXXi","timestamp":"2025-04-11T18:27:42.539Z"}
{"level":"info","message":"User krishna yadav disconnected","timestamp":"2025-04-11T18:27:43.996Z"}
{"level":"info","message":"New socket connection: APTosk_uX1__IAU1AXXk","timestamp":"2025-04-11T18:27:45.067Z"}
{"level":"info","message":"User krishna yadav disconnected","timestamp":"2025-04-11T18:28:54.836Z"}
{"level":"info","message":"New socket connection: JTZg-luT6_WxvmZtAXXm","timestamp":"2025-04-11T18:29:07.037Z"}
{"level":"info","message":"User krishna yadav disconnected","timestamp":"2025-04-11T18:34:28.526Z"}
{"level":"info","message":"New socket connection: uJLENKCwd0eGmnoAAXXo","timestamp":"2025-04-11T18:35:46.076Z"}
{"level":"info","message":"User krishna yadav disconnected","timestamp":"2025-04-11T18:37:05.503Z"}
{"level":"info","message":"New socket connection: ZCLcr7QR4HmoAc-xAXXq","timestamp":"2025-04-11T18:37:05.803Z"}
{"level":"info","message":"User krishna yadav disconnected","timestamp":"2025-04-11T18:37:07.554Z"}
{"level":"info","message":"New socket connection: zuYKfzyxLuoqEdx5AXXs","timestamp":"2025-04-11T18:37:07.817Z"}
{"level":"info","message":"User krishna yadav disconnected","timestamp":"2025-04-11T18:37:09.343Z"}
{"level":"info","message":"New socket connection: UCXodXdPjwVZyPrFAXXu","timestamp":"2025-04-11T18:37:09.737Z"}
{"level":"info","message":"User krishna yadav disconnected","timestamp":"2025-04-11T18:37:20.324Z"}
{"level":"info","message":"New socket connection: XjHjRGrqp7nbepU2AXXw","timestamp":"2025-04-11T18:37:20.603Z"}
{"level":"info","message":"User krishna yadav disconnected","timestamp":"2025-04-11T18:37:22.312Z"}
{"level":"info","message":"New socket connection: 118ckQD6PkUfKexyAXXy","timestamp":"2025-04-11T18:37:22.458Z"}
{"level":"info","message":"User krishna yadav disconnected","timestamp":"2025-04-11T18:37:56.880Z"}
{"level":"info","message":"New socket connection: xz2zh54tAlbLa-66AXX0","timestamp":"2025-04-11T18:37:57.160Z"}
{"level":"info","message":"User krishna yadav disconnected","timestamp":"2025-04-11T18:39:02.533Z"}
{"level":"info","message":"New socket connection: LKcyjteCX9YKx7RTAXX2","timestamp":"2025-04-11T18:39:03.648Z"}
{"level":"info","message":"User krishna yadav disconnected","timestamp":"2025-04-11T18:39:08.536Z"}
{"level":"info","message":"New socket connection: XwgH9tksuuLbGIYzAXX4","timestamp":"2025-04-11T18:39:08.817Z"}
{"level":"info","message":"User krishna yadav disconnected","timestamp":"2025-04-11T18:39:10.188Z"}
{"level":"info","message":"New socket connection: j-ru7H4hfV49YuYUAXX6","timestamp":"2025-04-11T18:39:10.462Z"}
{"level":"info","message":"User krishna yadav disconnected","timestamp":"2025-04-11T18:39:12.865Z"}
{"level":"info","message":"New socket connection: seKIziijb__nR0OYAXX8","timestamp":"2025-04-11T18:39:13.263Z"}
{"level":"info","message":"User krishna yadav disconnected","timestamp":"2025-04-11T18:39:15.587Z"}
{"level":"info","message":"New socket connection: x-FxjL47mPCX1BxZAXX-","timestamp":"2025-04-11T18:39:16.049Z"}
{"level":"info","message":"User krishna yadav disconnected","timestamp":"2025-04-11T18:39:17.480Z"}
{"level":"info","message":"New socket connection: OgP2YN_m6QPOQ59uAXYA","timestamp":"2025-04-11T18:39:17.855Z"}
{"level":"info","message":"User krishna yadav disconnected","timestamp":"2025-04-11T18:39:19.271Z"}
{"level":"info","message":"New socket connection: wV34GVdvJeIp9k3lAXYC","timestamp":"2025-04-11T18:39:19.669Z"}
{"level":"info","message":"User krishna yadav disconnected","timestamp":"2025-04-11T18:39:22.195Z"}
{"level":"info","message":"New socket connection: pyoIs7QqtSPMLleYAXYE","timestamp":"2025-04-11T18:39:22.577Z"}
{"level":"info","message":"User krishna yadav disconnected","timestamp":"2025-04-11T18:39:24.020Z"}
{"level":"info","message":"New socket connection: QCsuNgkFlQX2DMZFAXYG","timestamp":"2025-04-11T18:39:24.389Z"}
{"level":"info","message":"User krishna yadav disconnected","timestamp":"2025-04-11T18:39:25.656Z"}
{"level":"info","message":"New socket connection: -4Gm1gMPV6Gb72coAXYI","timestamp":"2025-04-11T18:39:26.081Z"}
{"level":"info","message":"User krishna yadav disconnected","timestamp":"2025-04-11T18:39:28.129Z"}
{"level":"info","message":"New socket connection: 9zv1WmUFUPuvfNTzAXYK","timestamp":"2025-04-11T18:39:28.545Z"}
{"level":"info","message":"User krishna yadav disconnected","timestamp":"2025-04-11T18:39:30.107Z"}
{"level":"info","message":"New socket connection: e2I9l_rE_gE6mRQ7AXYM","timestamp":"2025-04-11T18:39:30.518Z"}
{"level":"info","message":"User krishna yadav disconnected","timestamp":"2025-04-11T18:40:13.056Z"}
{"level":"info","message":"New socket connection: HrFPrF3OsKl-y47KAXYO","timestamp":"2025-04-11T18:40:14.154Z"}
{"level":"info","message":"User krishna yadav disconnected","timestamp":"2025-04-11T18:40:16.328Z"}
{"level":"info","message":"New socket connection: 3STkUB0JOM1gnf4CAXYQ","timestamp":"2025-04-11T18:40:16.615Z"}
{"level":"info","message":"User krishna yadav disconnected","timestamp":"2025-04-11T18:40:19.407Z"}
{"level":"info","message":"New socket connection: whxLe3-sIDC-pi44AXYS","timestamp":"2025-04-11T18:40:19.676Z"}
{"level":"info","message":"User krishna yadav disconnected","timestamp":"2025-04-11T18:40:20.421Z"}
{"level":"info","message":"New socket connection: 8rUIymEgGTI-gb7tAXYU","timestamp":"2025-04-11T18:40:20.687Z"}
{"level":"info","message":"User krishna yadav disconnected","timestamp":"2025-04-11T18:40:22.874Z"}
{"level":"info","message":"New socket connection: SRp6rBFfJqYse5pmAXYW","timestamp":"2025-04-11T18:40:23.260Z"}
{"level":"info","message":"User krishna yadav disconnected","timestamp":"2025-04-11T18:40:37.273Z"}
{"level":"info","message":"New socket connection: dLTsYo1YqvUuGNOfAXYY","timestamp":"2025-04-11T18:40:37.743Z"}
{"level":"info","message":"User krishna yadav disconnected","timestamp":"2025-04-11T18:40:42.275Z"}
{"level":"info","message":"New socket connection: aPpFWNpnRMV4Hg3OAXYa","timestamp":"2025-04-11T18:40:42.698Z"}
{"level":"info","message":"User krishna yadav disconnected","timestamp":"2025-04-11T18:40:49.778Z"}
{"level":"info","message":"New socket connection: dFmBwTmR7jy23C0CAXYc","timestamp":"2025-04-11T18:40:50.201Z"}
{"level":"info","message":"User krishna yadav disconnected","timestamp":"2025-04-11T18:41:30.645Z"}
{"level":"info","message":"New socket connection: Onvkw6FNYLqyf2qIAXYe","timestamp":"2025-04-11T18:41:30.984Z"}
{"level":"info","message":"User krishna yadav disconnected","timestamp":"2025-04-11T18:41:33.165Z"}
{"level":"info","message":"New socket connection: Vuett0LKmX4l0tU8AXYg","timestamp":"2025-04-11T18:41:33.497Z"}
{"level":"info","message":"User krishna yadav disconnected","timestamp":"2025-04-11T18:41:34.236Z"}
{"level":"info","message":"New socket connection: OGWzLh8DB64a7khFAXYi","timestamp":"2025-04-11T18:41:34.536Z"}
{"level":"info","message":"User krishna yadav disconnected","timestamp":"2025-04-11T18:41:35.233Z"}
{"level":"info","message":"New socket connection: hwgkkVk74xPOOfTuAXYk","timestamp":"2025-04-11T18:41:35.538Z"}
{"level":"info","message":"User krishna yadav disconnected","timestamp":"2025-04-11T18:41:36.093Z"}
{"level":"info","message":"New socket connection: NJZq2n5mCLb62X4-AXYm","timestamp":"2025-04-11T18:41:36.383Z"}
{"level":"info","message":"User krishna yadav disconnected","timestamp":"2025-04-11T18:41:36.998Z"}
{"level":"info","message":"New socket connection: ioecETbxZUtQgFCDAXYo","timestamp":"2025-04-11T18:41:37.292Z"}
{"level":"info","message":"User krishna yadav disconnected","timestamp":"2025-04-11T18:41:37.934Z"}
{"level":"info","message":"New socket connection: ZBcggAiZ5WMjG-XrAXYq","timestamp":"2025-04-11T18:41:38.248Z"}
{"level":"info","message":"User krishna yadav disconnected","timestamp":"2025-04-11T18:41:38.844Z"}
{"level":"info","message":"New socket connection: gWfjgDoKon_u8MPPAXYs","timestamp":"2025-04-11T18:41:39.148Z"}
{"level":"info","message":"User krishna yadav disconnected","timestamp":"2025-04-11T18:41:39.659Z"}
{"level":"info","message":"New socket connection: b6sWFCRsTygN1hbTAXYu","timestamp":"2025-04-11T18:41:39.961Z"}
{"level":"info","message":"User krishna yadav disconnected","timestamp":"2025-04-11T18:41:41.110Z"}
{"level":"info","message":"New socket connection: -5DGoSLv3Ezc0qJxAXYw","timestamp":"2025-04-11T18:41:41.414Z"}
{"level":"info","message":"User krishna yadav disconnected","timestamp":"2025-04-11T18:41:41.979Z"}
{"level":"info","message":"New socket connection: qI42eScavfmyX9BDAXYy","timestamp":"2025-04-11T18:41:42.291Z"}
{"level":"info","message":"User krishna yadav disconnected","timestamp":"2025-04-11T18:41:42.677Z"}
{"level":"info","message":"New socket connection: Z2imjPIa5MkAFUUPAXY0","timestamp":"2025-04-11T18:41:42.974Z"}
{"level":"info","message":"User krishna yadav disconnected","timestamp":"2025-04-11T18:41:43.389Z"}
{"level":"info","message":"New socket connection: o_hzpzosE3mqKFZcAXY2","timestamp":"2025-04-11T18:41:43.719Z"}
{"level":"info","message":"User krishna yadav disconnected","timestamp":"2025-04-11T18:41:44.106Z"}
{"level":"info","message":"New socket connection: u2Rr46rMMjpJmuwuAXY4","timestamp":"2025-04-11T18:41:44.429Z"}
{"level":"info","message":"User krishna yadav disconnected","timestamp":"2025-04-11T18:41:44.734Z"}
{"level":"info","message":"New socket connection: -YoJVuzWdIkQ8R8QAXY6","timestamp":"2025-04-11T18:41:45.049Z"}
{"level":"info","message":"User krishna yadav disconnected","timestamp":"2025-04-11T18:41:49.153Z"}
{"level":"info","message":"New socket connection: wOkejYIheFiVv8FmAXY8","timestamp":"2025-04-11T18:41:49.451Z"}
{"level":"info","message":"User krishna yadav disconnected","timestamp":"2025-04-11T18:42:36.648Z"}
{"level":"info","message":"New socket connection: xVscS7vj06fZELkPAXY-","timestamp":"2025-04-11T18:42:42.768Z"}
{"level":"info","message":"User krishna yadav disconnected","timestamp":"2025-04-11T18:45:08.577Z"}
{"level":"info","message":"New socket connection: QpAGcuF6DmRGH53lAXZA","timestamp":"2025-04-11T18:45:08.915Z"}
{"level":"info","message":"User krishna yadav disconnected","timestamp":"2025-04-11T18:45:09.794Z"}
{"level":"info","message":"New socket connection: AHsxSDb3oTJrt3CRAXZC","timestamp":"2025-04-11T18:45:10.697Z"}
{"level":"info","message":"User krishna yadav disconnected","timestamp":"2025-04-11T18:47:20.194Z"}
{"level":"info","message":"New socket connection: uDYT_xdlaZcv6pOHAXZE","timestamp":"2025-04-11T18:47:21.633Z"}
{"level":"info","message":"User krishna yadav disconnected","timestamp":"2025-04-11T18:47:24.406Z"}
{"level":"info","message":"New socket connection: LbBDQJgbYT-gTm_GAXZG","timestamp":"2025-04-11T18:47:24.780Z"}
{"level":"info","message":"User krishna yadav disconnected","timestamp":"2025-04-11T18:52:08.808Z"}
{"level":"info","message":"New socket connection: NvaKCsCM013vLeDdAXZI","timestamp":"2025-04-11T18:52:09.130Z"}
{"level":"info","message":"User krishna yadav disconnected","timestamp":"2025-04-11T18:52:10.487Z"}
{"level":"info","message":"New socket connection: 5is_h8HA3bDw7M1WAXZK","timestamp":"2025-04-11T18:52:10.753Z"}
{"level":"info","message":"User krishna yadav disconnected","timestamp":"2025-04-11T18:52:13.245Z"}
{"level":"info","message":"New socket connection: IXmj-KKTbFDlFnkyAXZM","timestamp":"2025-04-11T18:52:13.506Z"}
{"level":"info","message":"User krishna yadav disconnected","timestamp":"2025-04-11T18:52:16.227Z"}
{"level":"info","message":"New socket connection: JWkntVJsHkM0O0nnAXZO","timestamp":"2025-04-11T18:52:16.496Z"}
{"level":"info","message":"User krishna yadav disconnected","timestamp":"2025-04-11T18:54:32.410Z"}
{"level":"info","message":"New socket connection: NG__i4ky31nWKWt1AXZQ","timestamp":"2025-04-11T18:54:32.748Z"}
{"level":"info","message":"User krishna yadav disconnected","timestamp":"2025-04-11T18:54:34.241Z"}
{"level":"info","message":"New socket connection: ekEdUXDU_wVbXhjNAXZS","timestamp":"2025-04-11T18:54:34.510Z"}
{"level":"info","message":"User krishna yadav disconnected","timestamp":"2025-04-11T18:54:34.881Z"}
{"level":"info","message":"New socket connection: B2vkx2FITHRfXnmmAXZU","timestamp":"2025-04-11T18:54:35.147Z"}
{"level":"info","message":"User krishna yadav disconnected","timestamp":"2025-04-11T18:54:35.847Z"}
{"level":"info","message":"New socket connection: Ex2eaYPnhJiJJYkVAXZW","timestamp":"2025-04-11T18:54:36.128Z"}
{"level":"info","message":"User krishna yadav disconnected","timestamp":"2025-04-11T18:54:37.060Z"}
{"level":"info","message":"New socket connection: xDXDhqwty_ExZvFoAXZY","timestamp":"2025-04-11T18:54:37.346Z"}
{"level":"info","message":"User krishna yadav disconnected","timestamp":"2025-04-11T18:54:38.054Z"}
{"level":"info","message":"New socket connection: 592PoIFjwHg3dg8aAXZa","timestamp":"2025-04-11T18:54:38.320Z"}
{"level":"info","message":"User krishna yadav disconnected","timestamp":"2025-04-11T18:54:39.587Z"}
{"level":"info","message":"New socket connection: _067bJVzpDfa9amkAXZc","timestamp":"2025-04-11T18:54:39.857Z"}
{"level":"info","message":"User krishna yadav disconnected","timestamp":"2025-04-11T18:54:40.483Z"}
{"level":"info","message":"New socket connection: rNmFi44ogYjZ0yczAXZe","timestamp":"2025-04-11T18:54:40.752Z"}
{"level":"info","message":"User krishna yadav disconnected","timestamp":"2025-04-11T18:54:41.851Z"}
{"level":"info","message":"New socket connection: 0ZjClhoNQY-Xy4AzAXZg","timestamp":"2025-04-11T18:54:42.117Z"}
{"level":"info","message":"User krishna yadav disconnected","timestamp":"2025-04-11T18:54:42.853Z"}
{"level":"info","message":"New socket connection: DedpqW44NterCJizAXZi","timestamp":"2025-04-11T18:54:43.149Z"}
{"level":"info","message":"User krishna yadav disconnected","timestamp":"2025-04-11T18:54:43.913Z"}
{"level":"info","message":"New socket connection: GWR9yW4ONqg7XIn1AXZk","timestamp":"2025-04-11T18:54:44.228Z"}
{"level":"info","message":"User krishna yadav disconnected","timestamp":"2025-04-11T18:54:47.059Z"}
{"level":"info","message":"New socket connection: DgiTrpa2U9L4yH4ZAXZm","timestamp":"2025-04-11T18:54:47.337Z"}
{"level":"info","message":"User krishna yadav disconnected","timestamp":"2025-04-11T18:54:48.888Z"}
{"level":"info","message":"New socket connection: DGbq10KKC4jREy2IAXZo","timestamp":"2025-04-11T18:54:49.153Z"}
{"level":"info","message":"User krishna yadav disconnected","timestamp":"2025-04-11T18:54:50.135Z"}
{"level":"info","message":"New socket connection: 8N49kJoWwrpZagOpAXZq","timestamp":"2025-04-11T18:54:50.401Z"}
{"level":"info","message":"User krishna yadav disconnected","timestamp":"2025-04-11T18:55:06.149Z"}
{"level":"info","message":"New socket connection: RWo4ejmdtM2f8imUAXZs","timestamp":"2025-04-11T18:55:06.558Z"}
{"level":"info","message":"User krishna yadav disconnected","timestamp":"2025-04-11T18:55:09.752Z"}
{"level":"info","message":"New socket connection: IeTBQn2OkvIFygsgAXZu","timestamp":"2025-04-11T18:55:10.145Z"}
{"level":"info","message":"User krishna yadav disconnected","timestamp":"2025-04-11T18:55:12.880Z"}
{"level":"info","message":"New socket connection: kOGsU3jOBVYbA-PVAXZw","timestamp":"2025-04-11T18:55:13.222Z"}
{"level":"info","message":"User krishna yadav disconnected","timestamp":"2025-04-11T18:56:00.575Z"}
{"level":"info","message":"New socket connection: 7SU9U8JhXKDAeLsbAXZy","timestamp":"2025-04-11T18:56:00.913Z"}
{"level":"info","message":"User krishna yadav disconnected","timestamp":"2025-04-11T18:56:02.611Z"}
{"level":"info","message":"New socket connection: F8fjdkiGaeMAt_BnAXZ0","timestamp":"2025-04-11T18:56:02.886Z"}
{"level":"info","message":"User krishna yadav disconnected","timestamp":"2025-04-11T18:56:03.693Z"}
{"level":"info","message":"New socket connection: d2gFH9SVrUe0nj8mAXZ2","timestamp":"2025-04-11T18:56:03.965Z"}
{"level":"info","message":"User krishna yadav disconnected","timestamp":"2025-04-11T18:56:07.301Z"}
{"level":"info","message":"New socket connection: MZWVRQ29r-JV4Q8mAXZ4","timestamp":"2025-04-11T18:56:07.698Z"}
{"level":"info","message":"User krishna yadav disconnected","timestamp":"2025-04-11T18:56:08.916Z"}
{"level":"info","message":"New socket connection: TbtuovPYqMOrBVy9AXZ6","timestamp":"2025-04-11T18:56:09.298Z"}
{"level":"info","message":"User krishna yadav disconnected","timestamp":"2025-04-11T18:56:14.112Z"}
{"level":"info","message":"New socket connection: nD0I00jUegulPyDBAXZ8","timestamp":"2025-04-11T18:56:14.690Z"}
{"level":"info","message":"User krishna yadav disconnected","timestamp":"2025-04-11T18:57:32.795Z"}
{"level":"info","message":"New socket connection: VDW7shKUklEF1JA2AXZ-","timestamp":"2025-04-11T18:57:33.243Z"}
{"level":"info","message":"User krishna yadav disconnected","timestamp":"2025-04-11T18:57:39.385Z"}
{"level":"info","message":"Server running on port 3001","timestamp":"2025-04-11T18:59:31.391Z"}
{"level":"info","message":"New socket connection: fXfzj7mwDhcw00gyAAAB","timestamp":"2025-04-11T18:59:35.238Z"}
{"level":"info","message":"User krishna yadav disconnected","timestamp":"2025-04-11T18:59:36.936Z"}
{"level":"info","message":"New socket connection: QkpJQrY5eTwEQhsBAAAD","timestamp":"2025-04-11T18:59:37.395Z"}
{"level":"info","message":"User krishna yadav disconnected","timestamp":"2025-04-11T19:05:38.967Z"}
{"level":"info","message":"Server running on port 3001","timestamp":"2025-04-11T19:05:45.291Z"}
{"level":"info","message":"Server running on port 3001","timestamp":"2025-04-13T17:27:48.958Z"}
{"level":"info","message":"New socket connection: dLPyT0Si2m5dwqlZAAAB","timestamp":"2025-04-13T17:28:32.097Z"}
{"level":"info","message":"User krishna yadav disconnected","timestamp":"2025-04-13T17:28:35.254Z"}
{"level":"info","message":"New socket connection: lPrptTgubiZwFRnTAAAD","timestamp":"2025-04-13T17:28:35.596Z"}
{"level":"info","message":"User krishna yadav disconnected","timestamp":"2025-04-13T17:28:37.094Z"}
{"level":"info","message":"New socket connection: CjM69HGJfRRDHbL_AAAF","timestamp":"2025-04-13T17:28:37.566Z"}
{"level":"info","message":"User krishna yadav disconnected","timestamp":"2025-04-13T17:28:57.865Z"}
{"level":"info","message":"New socket connection: k9hTyAbDPrRkJMjBAAAH","timestamp":"2025-04-13T17:28:58.166Z"}
{"level":"info","message":"User krishna yadav disconnected","timestamp":"2025-04-13T17:29:58.792Z"}
{"level":"info","message":"New socket connection: xUMznIa-P71Q6WztAAAJ","timestamp":"2025-04-13T17:29:59.841Z"}
{"level":"info","message":"User krishna yadav disconnected","timestamp":"2025-04-13T17:30:25.686Z"}
{"level":"info","message":"New socket connection: odX64fA2DGemJokAAAAL","timestamp":"2025-04-13T17:30:26.032Z"}
{"level":"info","message":"User krishna yadav disconnected","timestamp":"2025-04-13T17:30:26.932Z"}
{"level":"info","message":"New socket connection: T4Y3e7tbUutB4lgnAAAN","timestamp":"2025-04-13T17:30:27.215Z"}
{"level":"info","message":"User krishna yadav disconnected","timestamp":"2025-04-13T17:30:28.531Z"}
{"level":"info","message":"New socket connection: Kgt9mGiguIjxA-eSAAAP","timestamp":"2025-04-13T17:30:28.858Z"}
{"level":"info","message":"User krishna yadav disconnected","timestamp":"2025-04-13T17:30:30.235Z"}
{"level":"info","message":"New socket connection: TUsapHldpzQrW0e5AAAR","timestamp":"2025-04-13T17:30:30.631Z"}
{"level":"info","message":"User krishna yadav disconnected","timestamp":"2025-04-13T17:30:54.805Z"}
{"level":"info","message":"New socket connection: R2d5LnDIjWzIG7DPAAAT","timestamp":"2025-04-13T17:30:56.666Z"}
{"level":"info","message":"User krishna yadav disconnected","timestamp":"2025-04-13T17:31:04.402Z"}
{"level":"info","message":"New socket connection: aYzqYXoglebEEU-tAAAV","timestamp":"2025-04-13T17:31:06.709Z"}
{"level":"info","message":"User krishna yadav disconnected","timestamp":"2025-04-13T17:31:23.656Z"}
{"level":"info","message":"New socket connection: NO78NMcKtO1378n2AAAX","timestamp":"2025-04-13T17:31:24.035Z"}
{"level":"info","message":"User krishna yadav disconnected","timestamp":"2025-04-13T17:31:25.274Z"}
{"level":"info","message":"New socket connection: J8zTxRUfM_9_yz2gAAAZ","timestamp":"2025-04-13T17:31:25.626Z"}
{"level":"info","message":"User krishna yadav disconnected","timestamp":"2025-04-13T17:31:27.025Z"}
{"level":"info","message":"New socket connection: OTcAuDzwvA2wrBsnAAAb","timestamp":"2025-04-13T17:31:27.364Z"}
{"level":"info","message":"User krishna yadav disconnected","timestamp":"2025-04-13T17:31:28.892Z"}
{"level":"info","message":"New socket connection: yHKSaYBo_K7a0OXrAAAd","timestamp":"2025-04-13T17:31:29.318Z"}
{"level":"info","message":"User krishna yadav disconnected","timestamp":"2025-04-13T17:31:30.532Z"}
{"level":"info","message":"New socket connection: lvadOkq_PNwBQo4uAAAf","timestamp":"2025-04-13T17:31:30.894Z"}
{"level":"info","message":"User krishna yadav disconnected","timestamp":"2025-04-13T17:31:34.919Z"}
{"level":"info","message":"New socket connection: nIG3SbqrmOwS_ZKmAAAh","timestamp":"2025-04-13T17:31:47.493Z"}
{"level":"info","message":"User krishna yadav disconnected","timestamp":"2025-04-13T17:31:49.306Z"}
{"level":"info","message":"New socket connection: MFYNMMqeCC1GLnNnAAAj","timestamp":"2025-04-13T17:31:49.646Z"}
{"error":"Room validation failed: members.1.user: Path `user` is required.","level":"error","message":"Error joining room","roomId":"67fbf522e693b737ff75cbf6","timestamp":"2025-04-13T17:32:19.468Z"}
{"error":"Room validation failed: members.1.user: Path `user` is required.","level":"error","message":"Error joining room","roomId":"67fbf522e693b737ff75cbf6","timestamp":"2025-04-13T17:32:19.498Z"}
{"level":"info","message":"User krishna yadav disconnected","timestamp":"2025-04-13T17:32:20.513Z"}
{"level":"info","message":"New socket connection: ZX1dQuDy_1AYtWzuAAAl","timestamp":"2025-04-13T17:32:20.914Z"}
{"level":"info","message":"User krishna yadav disconnected","timestamp":"2025-04-13T17:32:22.560Z"}
{"level":"info","message":"New socket connection: jV2Wu1yFqrRGzBlUAAAn","timestamp":"2025-04-13T17:32:22.947Z"}
{"level":"info","message":"User krishna yadav disconnected","timestamp":"2025-04-13T17:32:23.733Z"}
{"level":"info","message":"New socket connection: ivoTjvUr4njCQqiCAAAp","timestamp":"2025-04-13T17:32:24.104Z"}
{"level":"info","message":"User krishna yadav disconnected","timestamp":"2025-04-13T17:32:25.038Z"}
{"level":"info","message":"New socket connection: bXsMbiWbztnpxo5XAAAr","timestamp":"2025-04-13T17:32:25.392Z"}
{"level":"info","message":"User krishna yadav disconnected","timestamp":"2025-04-13T17:32:26.409Z"}
{"level":"info","message":"New socket connection: FUcvQ6khnwHH4WpuAAAt","timestamp":"2025-04-13T17:32:26.771Z"}
{"level":"info","message":"User krishna yadav disconnected","timestamp":"2025-04-13T17:35:20.983Z"}
{"level":"info","message":"New socket connection: AnzTGWvI8Oo-mgmUAAAv","timestamp":"2025-04-13T17:35:21.569Z"}
{"level":"info","message":"User krishna yadav disconnected","timestamp":"2025-04-13T17:43:48.934Z"}
{"level":"info","message":"New socket connection: V2oDRTyIX6daN5L6AAAx","timestamp":"2025-04-13T17:43:49.343Z"}
{"level":"info","message":"User krishna yadav disconnected","timestamp":"2025-04-13T17:44:51.068Z"}
{"level":"info","message":"New socket connection: n5vVS63PZiNJ5PfoAAAz","timestamp":"2025-04-13T17:44:52.443Z"}
{"level":"info","message":"User krishna yadav disconnected","timestamp":"2025-04-13T17:44:57.226Z"}
{"level":"info","message":"New socket connection: HQ02NhE2CL0SoY6-AAA1","timestamp":"2025-04-13T17:44:58.069Z"}
{"level":"info","message":"Server running on port 3001","timestamp":"2025-04-13T17:45:21.693Z"}
{"level":"info","message":"New socket connection: ymRyaPDf24V0NymqAAAB","timestamp":"2025-04-13T17:45:23.143Z"}
{"level":"info","message":"User krishna yadav disconnected","timestamp":"2025-04-13T17:46:12.928Z"}
{"level":"info","message":"New socket connection: ob_mzqkWJIGJXpH-AAAD","timestamp":"2025-04-13T17:46:14.388Z"}
{"level":"info","message":"User krishna yadav disconnected","timestamp":"2025-04-13T17:46:36.493Z"}
{"level":"info","message":"New socket connection: uCtL9wB4XLtypGNnAAAF","timestamp":"2025-04-13T17:46:37.709Z"}
{"level":"info","message":"User krishna yadav disconnected","timestamp":"2025-04-13T17:46:52.540Z"}
{"level":"info","message":"New socket connection: 24CjJf-ud59pbeJxAAAH","timestamp":"2025-04-13T17:46:53.090Z"}
{"level":"info","message":"User krishna yadav disconnected","timestamp":"2025-04-13T17:46:54.328Z"}
{"level":"info","message":"New socket connection: 8LN1vMelB6tdIcNSAAAJ","timestamp":"2025-04-13T17:46:54.843Z"}
{"level":"info","message":"User krishna yadav disconnected","timestamp":"2025-04-13T17:47:02.654Z"}
{"level":"info","message":"New socket connection: HQyKlxCZ4EIGK-2_AAAL","timestamp":"2025-04-13T17:47:04.182Z"}
{"level":"info","message":"User krishna yadav disconnected","timestamp":"2025-04-13T17:47:07.998Z"}
{"level":"info","message":"New socket connection: Qt7oMuDYyLW2mRbwAAAN","timestamp":"2025-04-13T17:47:08.484Z"}
{"level":"info","message":"User krishna yadav disconnected","timestamp":"2025-04-13T17:47:09.646Z"}
{"level":"info","message":"New socket connection: xNy4S1J0sViszwdUAAAP","timestamp":"2025-04-13T17:47:10.204Z"}
{"level":"info","message":"User krishna yadav disconnected","timestamp":"2025-04-13T17:48:35.134Z"}
{"level":"info","message":"New socket connection: OGl08_PhBKP4kZzmAAAR","timestamp":"2025-04-13T17:49:36.513Z"}
{"level":"info","message":"User krishna yadav disconnected","timestamp":"2025-04-13T17:55:10.096Z"}
{"level":"info","message":"New socket connection: zMLqrGA2aMMmuEDpAAAT","timestamp":"2025-04-13T17:55:10.536Z"}
{"level":"info","message":"User krishna yadav disconnected","timestamp":"2025-04-13T17:55:10.813Z"}
{"level":"info","message":"New socket connection: RNayAK63tOHd8NSWAAAV","timestamp":"2025-04-13T17:55:53.548Z"}
{"level":"info","message":"User krishna yadav disconnected","timestamp":"2025-04-13T17:55:55.267Z"}
{"level":"info","message":"New socket connection: vZwY_V8gGM1scYDEAAAX","timestamp":"2025-04-13T17:56:03.833Z"}
{"level":"info","message":"User krishna yadav disconnected","timestamp":"2025-04-13T17:57:34.388Z"}
{"level":"info","message":"New socket connection: CXr739pW79s1MWuqAAAZ","timestamp":"2025-04-13T17:57:35.793Z"}
{"level":"info","message":"User krishna yadav disconnected","timestamp":"2025-04-13T17:57:50.380Z"}
{"level":"info","message":"New socket connection: xGEKadH74R5vdpp9AAAb","timestamp":"2025-04-13T17:57:51.708Z"}
{"level":"info","message":"User krishna yadav disconnected","timestamp":"2025-04-13T17:58:21.321Z"}
{"level":"info","message":"Server running on port 3001","timestamp":"2025-04-13T17:59:04.764Z"}
{"level":"info","message":"New socket connection: UN8bXv-RgjHRhaYvAAAB","timestamp":"2025-04-13T17:59:07.892Z"}
{"level":"info","message":"User krishna yadav disconnected","timestamp":"2025-04-13T18:03:19.720Z"}
{"level":"info","message":"New socket connection: SFIy6fSx_AxFWDQfAAAD","timestamp":"2025-04-13T18:03:20.337Z"}
{"level":"info","message":"User krishna yadav disconnected","timestamp":"2025-04-13T18:03:28.299Z"}
{"level":"info","message":"New socket connection: MJgzqiNE8OR4vQuTAAAF","timestamp":"2025-04-13T18:03:38.786Z"}
{"level":"info","message":"User krishna yadav disconnected","timestamp":"2025-04-13T18:04:21.416Z"}
{"level":"info","message":"New socket connection: kDD1IrY7jypmKPi5AAAH","timestamp":"2025-04-13T18:04:22.963Z"}
{"level":"info","message":"User krishna yadav disconnected","timestamp":"2025-04-13T18:04:26.937Z"}
{"level":"info","message":"New socket connection: nWcvOGI5LXL_354BAAAJ","timestamp":"2025-04-13T18:04:28.322Z"}
{"level":"info","message":"User krishna yadav disconnected","timestamp":"2025-04-13T18:05:48.100Z"}
{"level":"info","message":"New socket connection: XWNl9llG4apV3DfbAAAL","timestamp":"2025-04-13T18:05:49.546Z"}
{"level":"info","message":"User krishna yadav disconnected","timestamp":"2025-04-13T18:05:55.945Z"}
{"level":"info","message":"New socket connection: _wI_JDe8bKNiP1uiAAAN","timestamp":"2025-04-13T18:05:57.286Z"}
{"level":"info","message":"User krishna yadav disconnected","timestamp":"2025-04-13T18:06:05.366Z"}
{"level":"info","message":"New socket connection: RcrkTEvOeHFfh8knAAAP","timestamp":"2025-04-13T18:06:05.790Z"}
{"level":"info","message":"User krishna yadav disconnected","timestamp":"2025-04-13T18:06:13.600Z"}
{"level":"info","message":"New socket connection: Aq_nJlXGbXggvAjZAAAR","timestamp":"2025-04-13T18:06:22.744Z"}
{"level":"info","message":"User krishna yadav disconnected","timestamp":"2025-04-13T18:06:42.575Z"}
{"level":"info","message":"New socket connection: ZzWcvOnKj_8NRp4jAAAT","timestamp":"2025-04-13T18:06:43.844Z"}
{"level":"info","message":"Server running on port 3001","timestamp":"2025-04-13T18:08:18.382Z"}
{"level":"info","message":"New socket connection: V7Qjeq9ip3xQDxSDAAAB","timestamp":"2025-04-13T18:08:20.162Z"}
{"level":"info","message":"User krishna yadav disconnected","timestamp":"2025-04-13T18:11:05.366Z"}
{"level":"info","message":"New socket connection: MCaI83Wn84YgZ2XwAAAD","timestamp":"2025-04-13T18:11:07.779Z"}
{"level":"info","message":"User krishna yadav disconnected","timestamp":"2025-04-13T18:11:08.667Z"}
{"level":"info","message":"New socket connection: XDKWHK2VQyIQIrAtAAAF","timestamp":"2025-04-13T18:11:10.494Z"}
{"level":"info","message":"User krishna yadav disconnected","timestamp":"2025-04-13T18:11:54.213Z"}
{"level":"info","message":"New socket connection: YvtFGRJ-2GXY0jWKAAAH","timestamp":"2025-04-13T18:11:56.312Z"}
{"level":"info","message":"User krishna yadav disconnected","timestamp":"2025-04-13T18:14:14.950Z"}
{"level":"info","message":"New socket connection: 5TGTNqxbNX2Mx95bAAAJ","timestamp":"2025-04-13T18:14:15.602Z"}
{"level":"info","message":"User krishna yadav disconnected","timestamp":"2025-04-13T18:15:22.503Z"}
{"level":"info","message":"New socket connection: ZpA2cgytothSjHqEAAAL","timestamp":"2025-04-13T18:15:24.952Z"}
{"level":"info","message":"User krishna yadav disconnected","timestamp":"2025-04-13T18:15:27.018Z"}
{"level":"info","message":"New socket connection: hXyvSwE_OYc-14vuAAAN","timestamp":"2025-04-13T18:15:27.671Z"}
{"level":"info","message":"User krishna yadav disconnected","timestamp":"2025-04-13T18:49:18.403Z"}
{"level":"info","message":"New socket connection: uvj0u-bL9Fg5KTJPAAAP","timestamp":"2025-04-13T18:49:19.163Z"}
{"level":"info","message":"User krishna yadav disconnected","timestamp":"2025-04-13T18:53:39.439Z"}
{"level":"info","message":"New socket connection: dX1sfEfkXjklNkdLAAAR","timestamp":"2025-04-13T18:53:39.923Z"}
{"level":"info","message":"User krishna yadav disconnected","timestamp":"2025-04-13T18:56:30.466Z"}
{"level":"info","message":"New socket connection: CUUA9veYKNZKoNaSAAAT","timestamp":"2025-04-13T18:56:31.533Z"}
{"level":"info","message":"User krishna yadav disconnected","timestamp":"2025-04-13T18:56:40.209Z"}
{"level":"info","message":"New socket connection: HY4lBDl5D9A7hWvlAAAV","timestamp":"2025-04-13T18:56:40.551Z"}
{"level":"info","message":"User krishna yadav disconnected","timestamp":"2025-04-13T18:57:18.940Z"}
{"level":"info","message":"New socket connection: _FCTbrozp1D4ygbLAAAX","timestamp":"2025-04-13T18:57:31.598Z"}
{"level":"info","message":"User krishna yadav disconnected","timestamp":"2025-04-13T18:57:45.686Z"}
{"level":"info","message":"New socket connection: mqjPweyvRDcFa6JmAAAZ","timestamp":"2025-04-13T18:57:46.067Z"}
{"level":"info","message":"User krishna yadav disconnected","timestamp":"2025-04-13T18:57:50.335Z"}
{"level":"info","message":"New socket connection: _d-oIRvxwDYD3Lx9AAAb","timestamp":"2025-04-13T18:57:50.802Z"}
{"level":"info","message":"User krishna yadav disconnected","timestamp":"2025-04-13T18:58:31.861Z"}
{"level":"info","message":"New socket connection: ysS9kM_vJh9FNDiiAAAd","timestamp":"2025-04-13T18:59:17.612Z"}
{"level":"info","message":"User krishna yadav disconnected","timestamp":"2025-04-13T19:01:53.988Z"}
{"level":"info","message":"New socket connection: YEKBuup7ziYsAcD6AAAf","timestamp":"2025-04-13T19:01:56.352Z"}
{"level":"info","message":"User krishna yadav disconnected","timestamp":"2025-04-13T19:02:18.717Z"}
{"level":"info","message":"New socket connection: CuYhtXIU6u1NtK_HAAAh","timestamp":"2025-04-13T19:02:19.273Z"}
{"error":"Room validation failed: members.1.user: Path `user` is required.","level":"error","message":"Error joining room","roomId":"67fc0bbba709217c037ccb85","timestamp":"2025-04-13T19:08:48.719Z"}
{"error":"Room validation failed: members.1.user: Path `user` is required.","level":"error","message":"Error joining room","roomId":"67fc0bbba709217c037ccb85","timestamp":"2025-04-13T19:08:48.792Z"}
{"level":"info","message":"Server running on port 3001","timestamp":"2025-04-13T19:10:01.314Z"}
{"level":"info","message":"New socket connection: GodUIjaeFY8e7bwSAAAB","timestamp":"2025-04-13T19:10:02.152Z"}
{"level":"info","message":"Server running on port 3001","timestamp":"2025-04-13T19:10:25.842Z"}
{"level":"info","message":"New socket connection: Rq4TcEQW-NY588msAAAB","timestamp":"2025-04-13T19:10:26.335Z"}
{"level":"info","message":"Server running on port 3001","timestamp":"2025-04-13T19:11:32.535Z"}
{"level":"info","message":"New socket connection: KHhi_W3MiIXzpHr2AAAB","timestamp":"2025-04-13T19:11:33.187Z"}
{"level":"info","message":"Server running on port 3001","timestamp":"2025-04-13T19:11:51.888Z"}
{"level":"info","message":"New socket connection: V_jzpqmcf3v3nd6UAAAB","timestamp":"2025-04-13T19:11:53.148Z"}
{"error":"Room validation failed: members.1.user: Path `user` is required.","level":"error","message":"Error joining room","roomId":"67f6e9759400d5da64e55b01","timestamp":"2025-04-13T19:11:58.055Z"}
{"error":"Room validation failed: members.1.user: Path `user` is required.","level":"error","message":"Error joining room","roomId":"67f6e9759400d5da64e55b01","timestamp":"2025-04-13T19:11:58.170Z"}
{"error":"Room validation failed: members.1.user: Path `user` is required.","level":"error","message":"Error joining room","roomId":"67f6e9759400d5da64e55b01","timestamp":"2025-04-13T19:11:58.390Z"}
{"error":"Room validation failed: members.1.user: Path `user` is required.","level":"error","message":"Error joining room","roomId":"67f6e9759400d5da64e55b01","timestamp":"2025-04-13T19:12:02.256Z"}
{"error":"Room validation failed: members.1.user: Path `user` is required.","level":"error","message":"Error joining room","roomId":"67f6e9759400d5da64e55b01","timestamp":"2025-04-13T19:12:02.391Z"}
{"error":"Room validation failed: members.1.user: Path `user` is required.","level":"error","message":"Error joining room","roomId":"67f6e9759400d5da64e55b01","timestamp":"2025-04-13T19:12:04.416Z"}
{"error":"Room validation failed: members.1.user: Path `user` is required.","level":"error","message":"Error joining room","roomId":"67f6e9759400d5da64e55b01","timestamp":"2025-04-13T19:12:04.534Z"}
{"error":"Room validation failed: members.1.user: Path `user` is required.","level":"error","message":"Error joining room","roomId":"67f6e9759400d5da64e55b01","timestamp":"2025-04-13T19:12:06.714Z"}
{"error":"Room validation failed: members.1.user: Path `user` is required.","level":"error","message":"Error joining room","roomId":"67f6e9759400d5da64e55b01","timestamp":"2025-04-13T19:12:06.754Z"}
{"error":"Room validation failed: members.1.user: Path `user` is required.","level":"error","message":"Error joining room","roomId":"67f6e9759400d5da64e55b01","timestamp":"2025-04-13T19:12:08.560Z"}
{"error":"Room validation failed: members.1.user: Path `user` is required.","level":"error","message":"Error joining room","roomId":"67f6e9759400d5da64e55b01","timestamp":"2025-04-13T19:12:08.661Z"}
{"error":"Room validation failed: members.1.user: Path `user` is required.","level":"error","message":"Error joining room","roomId":"67f6e9759400d5da64e55b01","timestamp":"2025-04-13T19:15:07.999Z"}
{"error":"Room validation failed: members.1.user: Path `user` is required.","level":"error","message":"Error joining room","roomId":"67f6e9759400d5da64e55b01","timestamp":"2025-04-13T19:15:08.019Z"}
{"level":"info","message":"User krishna yadav disconnected","timestamp":"2025-04-13T19:15:23.756Z"}
{"level":"info","message":"New socket connection: GYXi-pEXAqJT2c-LAAAD","timestamp":"2025-04-13T19:15:24.235Z"}
{"error":"Room validation failed: members.1.user: Path `user` is required.","level":"error","message":"Error joining room","roomId":"67f6e9759400d5da64e55b01","timestamp":"2025-04-13T19:15:24.323Z"}
{"error":"Room validation failed: members.1.user: Path `user` is required.","level":"error","message":"Error joining room","roomId":"67f6e9759400d5da64e55b01","timestamp":"2025-04-13T19:15:26.465Z"}
{"error":"Room validation failed: members.1.user: Path `user` is required.","level":"error","message":"Error joining room","roomId":"67f6e9759400d5da64e55b01","timestamp":"2025-04-13T19:15:26.902Z"}
{"error":"Room validation failed: members.1.user: Path `user` is required.","level":"error","message":"Error joining room","roomId":"67f6e9759400d5da64e55b01","timestamp":"2025-04-13T19:15:26.968Z"}
{"level":"info","message":"User krishna yadav disconnected","timestamp":"2025-04-13T19:15:29.696Z"}
{"level":"info","message":"New socket connection: MnGG4jUnqAkmgCdYAAAF","timestamp":"2025-04-13T19:15:30.229Z"}
{"error":"Room validation failed: members.1.user: Path `user` is required.","level":"error","message":"Error joining room","roomId":"67f6e9759400d5da64e55b01","timestamp":"2025-04-13T19:15:30.307Z"}
{"error":"Room validation failed: members.1.user: Path `user` is required.","level":"error","message":"Error joining room","roomId":"67f94c0e60740bb995858da6","timestamp":"2025-04-13T19:15:31.710Z"}
{"error":"Room validation failed: members.1.user: Path `user` is required.","level":"error","message":"Error joining room","roomId":"67f94c0e60740bb995858da6","timestamp":"2025-04-13T19:15:31.807Z"}
{"error":"Room validation failed: members.1.user: Path `user` is required.","level":"error","message":"Error joining room","roomId":"67f94c0e60740bb995858da6","timestamp":"2025-04-13T19:15:31.892Z"}
{"error":"Room validation failed: members.1.user: Path `user` is required.","level":"error","message":"Error joining room","roomId":"67f94c0e60740bb995858da6","timestamp":"2025-04-13T19:15:52.919Z"}
{"error":"Room validation failed: members.1.user: Path `user` is required.","level":"error","message":"Error joining room","roomId":"67f94c0e60740bb995858da6","timestamp":"2025-04-13T19:15:52.928Z"}
{"error":"Room validation failed: members.1.user: Path `user` is required.","level":"error","message":"Error joining room","roomId":"67f94c0e60740bb995858da6","timestamp":"2025-04-13T19:22:27.819Z"}
{"error":"Room validation failed: members.1.user: Path `user` is required.","level":"error","message":"Error joining room","roomId":"67f94c0e60740bb995858da6","timestamp":"2025-04-13T19:22:27.900Z"}
{"error":"Room validation failed: members.1.user: Path `user` is required.","level":"error","message":"Error joining room","roomId":"67f94c0e60740bb995858da6","timestamp":"2025-04-13T19:22:35.236Z"}
{"error":"Room validation failed: members.1.user: Path `user` is required.","level":"error","message":"Error joining room","roomId":"67f94c0e60740bb995858da6","timestamp":"2025-04-13T19:22:35.275Z"}
{"error":"Room validation failed: members.1.user: Path `user` is required.","level":"error","message":"Error joining room","roomId":"67f94c0e60740bb995858da6","timestamp":"2025-04-13T19:22:37.507Z"}
{"error":"Room validation failed: members.1.user: Path `user` is required.","level":"error","message":"Error joining room","roomId":"67f94c0e60740bb995858da6","timestamp":"2025-04-13T19:22:37.572Z"}
{"error":"Room validation failed: members.1.user: Path `user` is required.","level":"error","message":"Error joining room","roomId":"67f94c0e60740bb995858da6","timestamp":"2025-04-13T19:23:39.709Z"}
{"error":"Room validation failed: members.1.user: Path `user` is required.","level":"error","message":"Error joining room","roomId":"67f94c0e60740bb995858da6","timestamp":"2025-04-13T19:23:39.733Z"}
{"error":"Room validation failed: members.1.user: Path `user` is required.","level":"error","message":"Error joining room","roomId":"67f94c0e60740bb995858da6","timestamp":"2025-04-13T19:23:44.317Z"}
{"error":"Room validation failed: members.1.user: Path `user` is required.","level":"error","message":"Error joining room","roomId":"67f94c0e60740bb995858da6","timestamp":"2025-04-13T19:23:44.389Z"}
{"level":"info","message":"Server running on port 3001","timestamp":"2025-04-13T19:24:16.979Z"}
{"level":"info","message":"New socket connection: eG1bpBbYXzaFsNbRAAAB","timestamp":"2025-04-13T19:24:17.626Z"}
{"error":"Room validation failed: members.1.user: Path `user` is required.","level":"error","message":"Error joining room","roomId":"67f94c0e60740bb995858da6","timestamp":"2025-04-13T19:24:17.740Z"}
{"error":"Room validation failed: members.1.user: Path `user` is required.","level":"error","message":"Error joining room","roomId":"67f94c0e60740bb995858da6","timestamp":"2025-04-13T19:25:58.570Z"}
{"error":"Room validation failed: members.1.user: Path `user` is required.","level":"error","message":"Error joining room","roomId":"67f94c0e60740bb995858da6","timestamp":"2025-04-13T19:26:06.153Z"}
{"level":"info","message":"User krishna yadav disconnected","timestamp":"2025-04-13T19:26:34.571Z"}
{"level":"info","message":"New socket connection: 3unJkwVYhG_1nYf3AAAD","timestamp":"2025-04-13T19:26:36.649Z"}
{"error":"Room validation failed: members.1.user: Path `user` is required.","level":"error","message":"Error joining room","roomId":"67f94c0e60740bb995858da6","timestamp":"2025-04-13T19:26:36.988Z"}
{"level":"info","message":"User krishna yadav disconnected","timestamp":"2025-04-13T19:26:38.866Z"}
{"level":"info","message":"New socket connection: BsA5kklBAHOg5xrbAAAF","timestamp":"2025-04-13T19:26:40.860Z"}
{"error":"Room validation failed: members.1.user: Path `user` is required.","level":"error","message":"Error joining room","roomId":"67f94c0e60740bb995858da6","timestamp":"2025-04-13T19:26:41.173Z"}
{"error":"Room validation failed: members.1.user: Path `user` is required.","level":"error","message":"Error joining room","roomId":"67f6e9759400d5da64e55b01","timestamp":"2025-04-13T19:26:56.015Z"}
{"error":"Room validation failed: members.1.user: Path `user` is required.","level":"error","message":"Error joining room","roomId":"67f6e9759400d5da64e55b01","timestamp":"2025-04-13T19:26:56.294Z"}
{"error":"Room validation failed: members.1.user: Path `user` is required.","level":"error","message":"Error joining room","roomId":"67f6e9759400d5da64e55b01","timestamp":"2025-04-13T19:26:56.342Z"}
{"error":"Room validation failed: members.1.user: Path `user` is required.","level":"error","message":"Error joining room","roomId":"67f6e9759400d5da64e55b01","timestamp":"2025-04-13T19:27:32.431Z"}
{"error":"Room validation failed: members.1.user: Path `user` is required.","level":"error","message":"Error joining room","roomId":"67f6e9759400d5da64e55b01","timestamp":"2025-04-13T19:27:36.374Z"}
{"error":"Room validation failed: members.1.user: Path `user` is required.","level":"error","message":"Error joining room","roomId":"67f6e9759400d5da64e55b01","timestamp":"2025-04-13T19:27:37.764Z"}
{"error":"Room validation failed: members.1.user: Path `user` is required.","level":"error","message":"Error joining room","roomId":"67f6e9759400d5da64e55b01","timestamp":"2025-04-13T19:27:39.712Z"}
{"error":"Room validation failed: members.1.user: Path `user` is required.","level":"error","message":"Error joining room","roomId":"67f6e9759400d5da64e55b01","timestamp":"2025-04-13T19:27:49.949Z"}
{"level":"info","message":"User krishna yadav disconnected","timestamp":"2025-04-13T19:27:49.969Z"}
{"level":"info","message":"New socket connection: DlNkKtr-ecqSUZRAAAAI","timestamp":"2025-04-13T19:28:01.849Z"}
{"error":"Room validation failed: members.1.user: Path `user` is required.","level":"error","message":"Error joining room","roomId":"67f6e9759400d5da64e55b01","timestamp":"2025-04-13T19:28:02.212Z"}
{"error":"Room validation failed: members.1.user: Path `user` is required.","level":"error","message":"Error joining room","roomId":"67f6e9759400d5da64e55b01","timestamp":"2025-04-13T19:28:40.425Z"}
{"error":"Room validation failed: members.1.user: Path `user` is required.","level":"error","message":"Error joining room","roomId":"67f6e9759400d5da64e55b01","timestamp":"2025-04-13T19:28:40.509Z"}
{"error":"Room validation failed: members.1.user: Path `user` is required.","level":"error","message":"Error joining room","roomId":"67f6e9759400d5da64e55b01","timestamp":"2025-04-13T19:28:40.525Z"}
{"error":"Room validation failed: members.1.user: Path `user` is required.","level":"error","message":"Error joining room","roomId":"67f6e9759400d5da64e55b01","timestamp":"2025-04-13T19:29:25.827Z"}
{"error":"Room validation failed: members.1.user: Path `user` is required.","level":"error","message":"Error joining room","roomId":"67f6e9759400d5da64e55b01","timestamp":"2025-04-13T19:29:42.274Z"}
{"error":"Room validation failed: members.1.user: Path `user` is required.","level":"error","message":"Error joining room","roomId":"67f6e9759400d5da64e55b01","timestamp":"2025-04-13T19:29:42.353Z"}
{"error":"Room validation failed: members.1.user: Path `user` is required.","level":"error","message":"Error joining room","roomId":"67f94c0e60740bb995858da6","timestamp":"2025-04-13T19:29:44.873Z"}
{"error":"Room validation failed: members.1.user: Path `user` is required.","level":"error","message":"Error joining room","roomId":"67f94c0e60740bb995858da6","timestamp":"2025-04-13T19:29:45.066Z"}
{"error":"Room validation failed: members.1.user: Path `user` is required.","level":"error","message":"Error joining room","roomId":"67f94c0e60740bb995858da6","timestamp":"2025-04-13T19:29:45.137Z"}
{"error":"Room validation failed: members.1.user: Path `user` is required.","level":"error","message":"Error joining room","roomId":"67f95f3960740bb995858ee6","timestamp":"2025-04-13T19:29:48.625Z"}
{"error":"Room validation failed: members.1.user: Path `user` is required.","level":"error","message":"Error joining room","roomId":"67f95f3960740bb995858ee6","timestamp":"2025-04-13T19:29:48.862Z"}
{"error":"Room validation failed: members.1.user: Path `user` is required.","level":"error","message":"Error joining room","roomId":"67f95f3960740bb995858ee6","timestamp":"2025-04-13T19:29:48.935Z"}
{"error":"Room validation failed: members.1.user: Path `user` is required.","level":"error","message":"Error joining room","roomId":"67f95f3660740bb995858ee3","timestamp":"2025-04-13T19:29:51.230Z"}
{"error":"Room validation failed: members.1.user: Path `user` is required.","level":"error","message":"Error joining room","roomId":"67f95f3660740bb995858ee3","timestamp":"2025-04-13T19:29:51.426Z"}
{"error":"Room validation failed: members.1.user: Path `user` is required.","level":"error","message":"Error joining room","roomId":"67f95f3660740bb995858ee3","timestamp":"2025-04-13T19:29:51.504Z"}
{"error":"Room validation failed: members.1.user: Path `user` is required.","level":"error","message":"Error joining room","roomId":"67f6e6329400d5da64e55ab6","timestamp":"2025-04-13T19:29:54.128Z"}
{"error":"Room validation failed: members.1.user: Path `user` is required.","level":"error","message":"Error joining room","roomId":"67f6e6329400d5da64e55ab6","timestamp":"2025-04-13T19:29:54.355Z"}
{"error":"Room validation failed: members.1.user: Path `user` is required.","level":"error","message":"Error joining room","roomId":"67f6e6329400d5da64e55ab6","timestamp":"2025-04-13T19:29:54.444Z"}
{"error":"Room validation failed: members.1.user: Path `user` is required.","level":"error","message":"Error joining room","roomId":"67f6e6329400d5da64e55ab6","timestamp":"2025-04-13T19:29:59.230Z"}
{"error":"Room validation failed: members.1.user: Path `user` is required.","level":"error","message":"Error joining room","roomId":"67f6e6329400d5da64e55ab6","timestamp":"2025-04-13T19:29:59.233Z"}
{"error":"Room validation failed: members.1.user: Path `user` is required.","level":"error","message":"Error joining room","roomId":"67f6e6329400d5da64e55ab6","timestamp":"2025-04-13T19:30:01.642Z"}
{"error":"Room validation failed: members.1.user: Path `user` is required.","level":"error","message":"Error joining room","roomId":"67f6e6329400d5da64e55ab6","timestamp":"2025-04-13T19:30:01.732Z"}
{"level":"info","message":"User krishna yadav disconnected","timestamp":"2025-04-13T19:38:25.960Z"}
{"level":"info","message":"New socket connection: rl9LRKb17QVpPdiEAAAK","timestamp":"2025-04-13T19:38:26.465Z"}
{"error":"Room validation failed: members.1.user: Path `user` is required.","level":"error","message":"Error joining room","roomId":"67f6e6329400d5da64e55ab6","timestamp":"2025-04-13T19:38:26.543Z"}
{"error":"Room validation failed: members.1.user: Path `user` is required.","level":"error","message":"Error joining room","roomId":"67f6e9759400d5da64e55b01","timestamp":"2025-04-13T19:38:28.339Z"}
{"error":"Room validation failed: members.1.user: Path `user` is required.","level":"error","message":"Error joining room","roomId":"67f6e9759400d5da64e55b01","timestamp":"2025-04-13T19:38:28.445Z"}
{"error":"Room validation failed: members.1.user: Path `user` is required.","level":"error","message":"Error joining room","roomId":"67f6e9759400d5da64e55b01","timestamp":"2025-04-13T19:38:28.543Z"}
{"level":"info","message":"User krishna yadav disconnected","timestamp":"2025-04-13T19:40:19.265Z"}
{"level":"info","message":"New socket connection: aRa8AhwQ8tkw2s_4AAAM","timestamp":"2025-04-13T19:40:19.648Z"}
{"error":"Room validation failed: members.1.user: Path `user` is required.","level":"error","message":"Error joining room","roomId":"67f6e9759400d5da64e55b01","timestamp":"2025-04-13T19:40:19.739Z"}
{"error":"Room validation failed: members.1.user: Path `user` is required.","level":"error","message":"Error joining room","roomId":"67f6e9759400d5da64e55b01","timestamp":"2025-04-13T19:40:21.188Z"}
{"error":"Room validation failed: members.1.user: Path `user` is required.","level":"error","message":"Error joining room","roomId":"67f6e9759400d5da64e55b01","timestamp":"2025-04-13T19:40:21.299Z"}
{"error":"Room validation failed: members.1.user: Path `user` is required.","level":"error","message":"Error joining room","roomId":"67f6e9759400d5da64e55b01","timestamp":"2025-04-13T19:40:21.389Z"}
{"level":"info","message":"User krishna yadav disconnected","timestamp":"2025-04-13T19:42:08.430Z"}
{"level":"info","message":"New socket connection: 0p6ycKaaeHif2A3JAAAO","timestamp":"2025-04-13T19:42:09.082Z"}
{"error":"Room validation failed: members.1.user: Path `user` is required.","level":"error","message":"Error joining room","roomId":"67f6e9759400d5da64e55b01","timestamp":"2025-04-13T19:42:09.302Z"}
{"error":"Room validation failed: members.1.user: Path `user` is required.","level":"error","message":"Error joining room","roomId":"67f6e9759400d5da64e55b01","timestamp":"2025-04-13T19:42:10.644Z"}
{"error":"Room validation failed: members.1.user: Path `user` is required.","level":"error","message":"Error joining room","roomId":"67f6e9759400d5da64e55b01","timestamp":"2025-04-13T19:42:10.765Z"}
{"error":"Room validation failed: members.1.user: Path `user` is required.","level":"error","message":"Error joining room","roomId":"67f6e9759400d5da64e55b01","timestamp":"2025-04-13T19:42:10.907Z"}
{"level":"info","message":"User krishna yadav disconnected","timestamp":"2025-04-13T19:43:53.080Z"}
{"level":"info","message":"New socket connection: T0CvonXNbmbXQtFZAAAQ","timestamp":"2025-04-13T19:43:53.462Z"}
{"error":"Room validation failed: members.1.user: Path `user` is required.","level":"error","message":"Error joining room","roomId":"67f6e9759400d5da64e55b01","timestamp":"2025-04-13T19:43:53.548Z"}
{"error":"Room validation failed: members.1.user: Path `user` is required.","level":"error","message":"Error joining room","roomId":"67f6e9759400d5da64e55b01","timestamp":"2025-04-13T19:43:55.056Z"}
{"error":"Room validation failed: members.1.user: Path `user` is required.","level":"error","message":"Error joining room","roomId":"67f6e9759400d5da64e55b01","timestamp":"2025-04-13T19:43:55.107Z"}
{"error":"Room validation failed: members.1.user: Path `user` is required.","level":"error","message":"Error joining room","roomId":"67f6e9759400d5da64e55b01","timestamp":"2025-04-13T19:43:55.186Z"}
{"level":"info","message":"User krishna yadav disconnected","timestamp":"2025-04-13T19:47:04.463Z"}
{"level":"info","message":"New socket connection: BkM6-jyCGBMwjkyJAAAS","timestamp":"2025-04-13T19:47:04.809Z"}
{"error":"Room validation failed: members.1.user: Path `user` is required.","level":"error","message":"Error joining room","roomId":"67f6e9759400d5da64e55b01","timestamp":"2025-04-13T19:47:04.891Z"}
{"error":"Room validation failed: members.1.user: Path `user` is required.","level":"error","message":"Error joining room","roomId":"67f6e9759400d5da64e55b01","timestamp":"2025-04-13T19:47:06.401Z"}
{"error":"Room validation failed: members.1.user: Path `user` is required.","level":"error","message":"Error joining room","roomId":"67f6e9759400d5da64e55b01","timestamp":"2025-04-13T19:47:06.455Z"}
{"error":"Room validation failed: members.1.user: Path `user` is required.","level":"error","message":"Error joining room","roomId":"67f6e9759400d5da64e55b01","timestamp":"2025-04-13T19:47:06.546Z"}
{"level":"info","message":"User krishna yadav disconnected","timestamp":"2025-04-13T19:47:47.750Z"}
{"level":"info","message":"New socket connection: AA-LJ6YVCtL3fOYeAAAU","timestamp":"2025-04-13T19:47:48.284Z"}
{"error":"Room validation failed: members.1.user: Path `user` is required.","level":"error","message":"Error joining room","roomId":"67f6e9759400d5da64e55b01","timestamp":"2025-04-13T19:47:48.364Z"}
{"error":"Room validation failed: members.1.user: Path `user` is required.","level":"error","message":"Error joining room","roomId":"67f6e9759400d5da64e55b01","timestamp":"2025-04-13T19:47:49.901Z"}
{"error":"Room validation failed: members.1.user: Path `user` is required.","level":"error","message":"Error joining room","roomId":"67f6e9759400d5da64e55b01","timestamp":"2025-04-13T19:47:50.007Z"}
{"error":"Room validation failed: members.1.user: Path `user` is required.","level":"error","message":"Error joining room","roomId":"67f6e9759400d5da64e55b01","timestamp":"2025-04-13T19:47:50.092Z"}
{"level":"info","message":"User krishna yadav disconnected","timestamp":"2025-04-13T19:48:40.246Z"}
{"level":"info","message":"New socket connection: PYDnWM7hB7wjsn_8AAAW","timestamp":"2025-04-13T19:48:40.682Z"}
{"error":"Room validation failed: members.1.user: Path `user` is required.","level":"error","message":"Error joining room","roomId":"67f6e9759400d5da64e55b01","timestamp":"2025-04-13T19:48:40.783Z"}
{"error":"Room validation failed: members.1.user: Path `user` is required.","level":"error","message":"Error joining room","roomId":"67f6e9759400d5da64e55b01","timestamp":"2025-04-13T19:48:42.242Z"}
{"error":"Room validation failed: members.1.user: Path `user` is required.","level":"error","message":"Error joining room","roomId":"67f6e9759400d5da64e55b01","timestamp":"2025-04-13T19:48:42.292Z"}
{"error":"Room validation failed: members.1.user: Path `user` is required.","level":"error","message":"Error joining room","roomId":"67f6e9759400d5da64e55b01","timestamp":"2025-04-13T19:48:42.366Z"}
{"level":"info","message":"User krishna yadav disconnected","timestamp":"2025-04-13T19:49:05.928Z"}
{"level":"info","message":"New socket connection: GwQlv2EQYtPYXNbgAAAY","timestamp":"2025-04-13T19:49:06.397Z"}
{"error":"Room validation failed: members.1.user: Path `user` is required.","level":"error","message":"Error joining room","roomId":"67f6e9759400d5da64e55b01","timestamp":"2025-04-13T19:49:06.472Z"}
{"error":"Room validation failed: members.1.user: Path `user` is required.","level":"error","message":"Error joining room","roomId":"67f6e9759400d5da64e55b01","timestamp":"2025-04-13T19:49:07.887Z"}
{"error":"Room validation failed: members.1.user: Path `user` is required.","level":"error","message":"Error joining room","roomId":"67f6e9759400d5da64e55b01","timestamp":"2025-04-13T19:49:07.991Z"}
{"error":"Room validation failed: members.1.user: Path `user` is required.","level":"error","message":"Error joining room","roomId":"67f6e9759400d5da64e55b01","timestamp":"2025-04-13T19:49:08.076Z"}
{"level":"info","message":"User krishna yadav disconnected","timestamp":"2025-04-13T19:50:05.859Z"}
{"level":"info","message":"New socket connection: 9L4BVD6TKUOMdpUHAAAa","timestamp":"2025-04-13T19:50:06.588Z"}
{"error":"Room validation failed: members.1.user: Path `user` is required.","level":"error","message":"Error joining room","roomId":"67f6e9759400d5da64e55b01","timestamp":"2025-04-13T19:50:06.720Z"}
{"error":"Room validation failed: members.1.user: Path `user` is required.","level":"error","message":"Error joining room","roomId":"67f6e9759400d5da64e55b01","timestamp":"2025-04-13T19:50:08.098Z"}
{"error":"Room validation failed: members.1.user: Path `user` is required.","level":"error","message":"Error joining room","roomId":"67f6e9759400d5da64e55b01","timestamp":"2025-04-13T19:50:08.313Z"}
{"error":"Room validation failed: members.1.user: Path `user` is required.","level":"error","message":"Error joining room","roomId":"67f6e9759400d5da64e55b01","timestamp":"2025-04-13T19:50:08.467Z"}
{"level":"info","message":"User krishna yadav disconnected","timestamp":"2025-04-13T19:50:32.361Z"}
{"level":"info","message":"New socket connection: X8Xx3AkabNv59EUkAAAc","timestamp":"2025-04-13T19:50:33.436Z"}
{"error":"Room validation failed: members.1.user: Path `user` is required.","level":"error","message":"Error joining room","roomId":"67f6e9759400d5da64e55b01","timestamp":"2025-04-13T19:50:33.583Z"}
{"error":"Room validation failed: members.1.user: Path `user` is required.","level":"error","message":"Error joining room","roomId":"67f6e6329400d5da64e55ab6","timestamp":"2025-04-13T19:50:35.247Z"}
{"error":"Room validation failed: members.1.user: Path `user` is required.","level":"error","message":"Error joining room","roomId":"67f6e6329400d5da64e55ab6","timestamp":"2025-04-13T19:50:35.385Z"}
{"error":"Room validation failed: members.1.user: Path `user` is required.","level":"error","message":"Error joining room","roomId":"67f6e6329400d5da64e55ab6","timestamp":"2025-04-13T19:50:35.479Z"}
{"level":"info","message":"User krishna yadav disconnected","timestamp":"2025-04-13T19:51:28.910Z"}
{"level":"info","message":"New socket connection: dRVCYuoiKQl4gYs-AAAe","timestamp":"2025-04-13T19:51:29.250Z"}
{"error":"Room validation failed: members.1.user: Path `user` is required.","level":"error","message":"Error joining room","roomId":"67f6e6329400d5da64e55ab6","timestamp":"2025-04-13T19:51:29.355Z"}
{"error":"Room validation failed: members.1.user: Path `user` is required.","level":"error","message":"Error joining room","roomId":"67f6e9759400d5da64e55b01","timestamp":"2025-04-13T19:51:31.010Z"}
{"error":"Room validation failed: members.1.user: Path `user` is required.","level":"error","message":"Error joining room","roomId":"67f6e9759400d5da64e55b01","timestamp":"2025-04-13T19:51:31.049Z"}
{"error":"Room validation failed: members.1.user: Path `user` is required.","level":"error","message":"Error joining room","roomId":"67f6e9759400d5da64e55b01","timestamp":"2025-04-13T19:51:31.148Z"}
{"level":"info","message":"User krishna yadav disconnected","timestamp":"2025-04-13T19:52:13.881Z"}
{"level":"info","message":"New socket connection: 14UTIfB6gG-J-2bXAAAg","timestamp":"2025-04-13T19:52:14.246Z"}
{"error":"Room validation failed: members.1.user: Path `user` is required.","level":"error","message":"Error joining room","roomId":"67f6e9759400d5da64e55b01","timestamp":"2025-04-13T19:52:14.336Z"}
{"error":"Room validation failed: members.1.user: Path `user` is required.","level":"error","message":"Error joining room","roomId":"67f6e9759400d5da64e55b01","timestamp":"2025-04-13T19:52:15.744Z"}
{"error":"Room validation failed: members.1.user: Path `user` is required.","level":"error","message":"Error joining room","roomId":"67f6e9759400d5da64e55b01","timestamp":"2025-04-13T19:52:15.801Z"}
{"error":"Room validation failed: members.1.user: Path `user` is required.","level":"error","message":"Error joining room","roomId":"67f6e9759400d5da64e55b01","timestamp":"2025-04-13T19:52:15.896Z"}
{"level":"info","message":"User krishna yadav disconnected","timestamp":"2025-04-13T19:52:43.982Z"}
{"level":"info","message":"New socket connection: lQpb82dgz4Ot85WOAAAi","timestamp":"2025-04-13T19:52:44.656Z"}
{"error":"Room validation failed: members.1.user: Path `user` is required.","level":"error","message":"Error joining room","roomId":"67f6e9759400d5da64e55b01","timestamp":"2025-04-13T19:52:44.771Z"}
{"error":"Room validation failed: members.1.user: Path `user` is required.","level":"error","message":"Error joining room","roomId":"67f6e9759400d5da64e55b01","timestamp":"2025-04-13T19:52:46.185Z"}
{"error":"Room validation failed: members.1.user: Path `user` is required.","level":"error","message":"Error joining room","roomId":"67f6e9759400d5da64e55b01","timestamp":"2025-04-13T19:52:46.377Z"}
{"error":"Room validation failed: members.1.user: Path `user` is required.","level":"error","message":"Error joining room","roomId":"67f6e9759400d5da64e55b01","timestamp":"2025-04-13T19:52:46.608Z"}
{"error":"Room validation failed: members.1.user: Path `user` is required.","level":"error","message":"Error joining room","roomId":"67f6e9759400d5da64e55b01","timestamp":"2025-04-13T19:53:02.992Z"}
{"error":"Room validation failed: members.1.user: Path `user` is required.","level":"error","message":"Error joining room","roomId":"67f6e9759400d5da64e55b01","timestamp":"2025-04-13T19:53:03.004Z"}
{"error":"Room validation failed: members.1.user: Path `user` is required.","level":"error","message":"Error joining room","roomId":"67f6e9759400d5da64e55b01","timestamp":"2025-04-13T19:53:05.332Z"}
{"error":"Room validation failed: members.1.user: Path `user` is required.","level":"error","message":"Error joining room","roomId":"67f6e9759400d5da64e55b01","timestamp":"2025-04-13T19:53:05.401Z"}
{"level":"info","message":"User krishna yadav disconnected","timestamp":"2025-04-13T19:53:36.872Z"}
{"level":"info","message":"New socket connection: DlgFr51gUAaU-YXOAAAk","timestamp":"2025-04-13T19:53:37.585Z"}
{"error":"Room validation failed: members.1.user: Path `user` is required.","level":"error","message":"Error joining room","roomId":"67f6e9759400d5da64e55b01","timestamp":"2025-04-13T19:53:37.735Z"}
{"error":"Room validation failed: members.1.user: Path `user` is required.","level":"error","message":"Error joining room","roomId":"67f6e9759400d5da64e55b01","timestamp":"2025-04-13T19:53:39.312Z"}
{"error":"Room validation failed: members.1.user: Path `user` is required.","level":"error","message":"Error joining room","roomId":"67f6e9759400d5da64e55b01","timestamp":"2025-04-13T19:53:39.524Z"}
{"error":"Room validation failed: members.1.user: Path `user` is required.","level":"error","message":"Error joining room","roomId":"67f6e9759400d5da64e55b01","timestamp":"2025-04-13T19:53:39.655Z"}
{"level":"info","message":"User krishna yadav disconnected","timestamp":"2025-04-13T19:54:41.396Z"}
{"level":"info","message":"New socket connection: k6Uz3cTEMoeZVnvJAAAm","timestamp":"2025-04-13T19:54:42.107Z"}
{"error":"Room validation failed: members.1.user: Path `user` is required.","level":"error","message":"Error joining room","roomId":"67f6e9759400d5da64e55b01","timestamp":"2025-04-13T19:54:42.225Z"}
{"error":"Room validation failed: members.1.user: Path `user` is required.","level":"error","message":"Error joining room","roomId":"67f95f3960740bb995858ee6","timestamp":"2025-04-13T19:54:44.251Z"}
{"error":"Room validation failed: members.1.user: Path `user` is required.","level":"error","message":"Error joining room","roomId":"67f95f3960740bb995858ee6","timestamp":"2025-04-13T19:54:44.532Z"}
{"error":"Room validation failed: members.1.user: Path `user` is required.","level":"error","message":"Error joining room","roomId":"67f95f3960740bb995858ee6","timestamp":"2025-04-13T19:54:44.602Z"}
{"level":"info","message":"User krishna yadav disconnected","timestamp":"2025-04-13T19:55:21.853Z"}
{"level":"info","message":"New socket connection: 40bFsgCRYorWp1MHAAAo","timestamp":"2025-04-13T19:55:22.346Z"}
{"error":"Room validation failed: members.1.user: Path `user` is required.","level":"error","message":"Error joining room","roomId":"67f95f3960740bb995858ee6","timestamp":"2025-04-13T19:55:22.421Z"}
{"error":"Room validation failed: members.1.user: Path `user` is required.","level":"error","message":"Error joining room","roomId":"67f6e6329400d5da64e55ab6","timestamp":"2025-04-13T19:55:24.852Z"}
{"error":"Room validation failed: members.1.user: Path `user` is required.","level":"error","message":"Error joining room","roomId":"67f6e6329400d5da64e55ab6","timestamp":"2025-04-13T19:55:24.891Z"}
{"error":"Room validation failed: members.1.user: Path `user` is required.","level":"error","message":"Error joining room","roomId":"67f6e6329400d5da64e55ab6","timestamp":"2025-04-13T19:55:24.893Z"}
{"level":"info","message":"User krishna yadav disconnected","timestamp":"2025-04-13T19:55:50.960Z"}
{"level":"info","message":"New socket connection: ybK9kcjqrMn57GJMAAAq","timestamp":"2025-04-13T19:55:51.277Z"}
{"error":"Room validation failed: members.1.user: Path `user` is required.","level":"error","message":"Error joining room","roomId":"67f6e6329400d5da64e55ab6","timestamp":"2025-04-13T19:55:51.364Z"}
{"error":"Room validation failed: members.1.user: Path `user` is required.","level":"error","message":"Error joining room","roomId":"67f6e9759400d5da64e55b01","timestamp":"2025-04-13T19:55:53.459Z"}
{"error":"Room validation failed: members.1.user: Path `user` is required.","level":"error","message":"Error joining room","roomId":"67f6e9759400d5da64e55b01","timestamp":"2025-04-13T19:55:53.503Z"}
{"error":"Room validation failed: members.1.user: Path `user` is required.","level":"error","message":"Error joining room","roomId":"67f6e9759400d5da64e55b01","timestamp":"2025-04-13T19:55:53.585Z"}
{"level":"info","message":"User krishna yadav disconnected","timestamp":"2025-04-13T19:56:54.536Z"}
{"level":"info","message":"New socket connection: OYJ3zPGYG4Mu1PmjAAAs","timestamp":"2025-04-13T19:56:55.142Z"}
{"error":"Room validation failed: members.1.user: Path `user` is required.","level":"error","message":"Error joining room","roomId":"67f6e9759400d5da64e55b01","timestamp":"2025-04-13T19:56:55.254Z"}
{"error":"Room validation failed: members.1.user: Path `user` is required.","level":"error","message":"Error joining room","roomId":"67f6e9759400d5da64e55b01","timestamp":"2025-04-13T19:56:56.496Z"}
{"error":"Room validation failed: members.1.user: Path `user` is required.","level":"error","message":"Error joining room","roomId":"67f6e9759400d5da64e55b01","timestamp":"2025-04-13T19:56:56.725Z"}
{"error":"Room validation failed: members.1.user: Path `user` is required.","level":"error","message":"Error joining room","roomId":"67f6e9759400d5da64e55b01","timestamp":"2025-04-13T19:56:56.901Z"}
{"level":"info","message":"User krishna yadav disconnected","timestamp":"2025-04-13T20:02:41.735Z"}
{"level":"info","message":"New socket connection: IrjwV1cVHnGOU4R8AAAu","timestamp":"2025-04-13T20:02:42.123Z"}
{"error":"Room validation failed: members.1.user: Path `user` is required.","level":"error","message":"Error joining room","roomId":"67f6e9759400d5da64e55b01","timestamp":"2025-04-13T20:02:42.217Z"}
{"error":"Room validation failed: members.1.user: Path `user` is required.","level":"error","message":"Error joining room","roomId":"67f6e9759400d5da64e55b01","timestamp":"2025-04-13T20:02:43.654Z"}
{"error":"Room validation failed: members.1.user: Path `user` is required.","level":"error","message":"Error joining room","roomId":"67f6e9759400d5da64e55b01","timestamp":"2025-04-13T20:02:43.702Z"}
{"error":"Room validation failed: members.1.user: Path `user` is required.","level":"error","message":"Error joining room","roomId":"67f6e9759400d5da64e55b01","timestamp":"2025-04-13T20:02:43.748Z"}
{"level":"info","message":"User krishna yadav disconnected","timestamp":"2025-04-13T20:03:09.740Z"}
{"level":"info","message":"New socket connection: gYuylZJOYMRmUt7SAAAw","timestamp":"2025-04-13T20:03:10.384Z"}
{"error":"Room validation failed: members.1.user: Path `user` is required.","level":"error","message":"Error joining room","roomId":"67f6e9759400d5da64e55b01","timestamp":"2025-04-13T20:03:10.528Z"}
{"error":"Room validation failed: members.1.user: Path `user` is required.","level":"error","message":"Error joining room","roomId":"67f6e9759400d5da64e55b01","timestamp":"2025-04-13T20:03:11.792Z"}
{"error":"Room validation failed: members.1.user: Path `user` is required.","level":"error","message":"Error joining room","roomId":"67f6e9759400d5da64e55b01","timestamp":"2025-04-13T20:03:11.984Z"}
{"error":"Room validation failed: members.1.user: Path `user` is required.","level":"error","message":"Error joining room","roomId":"67f6e9759400d5da64e55b01","timestamp":"2025-04-13T20:03:12.128Z"}
{"level":"info","message":"User krishna yadav disconnected","timestamp":"2025-04-13T20:03:32.934Z"}
{"level":"info","message":"New socket connection: PCsEQoppDalZYkkyAAAy","timestamp":"2025-04-13T20:03:33.298Z"}
{"error":"Room validation failed: members.1.user: Path `user` is required.","level":"error","message":"Error joining room","roomId":"67f6e9759400d5da64e55b01","timestamp":"2025-04-13T20:03:33.473Z"}
{"error":"Room validation failed: members.1.user: Path `user` is required.","level":"error","message":"Error joining room","roomId":"67f6e9759400d5da64e55b01","timestamp":"2025-04-13T20:03:34.529Z"}
{"error":"Room validation failed: members.1.user: Path `user` is required.","level":"error","message":"Error joining room","roomId":"67f6e9759400d5da64e55b01","timestamp":"2025-04-13T20:03:34.584Z"}
{"error":"Room validation failed: members.1.user: Path `user` is required.","level":"error","message":"Error joining room","roomId":"67f6e9759400d5da64e55b01","timestamp":"2025-04-13T20:03:34.684Z"}
{"level":"info","message":"User krishna yadav disconnected","timestamp":"2025-04-13T20:03:50.934Z"}
{"level":"info","message":"New socket connection: AxMxRQfFXIOEKtEqAAA0","timestamp":"2025-04-13T20:03:51.564Z"}
{"error":"Room validation failed: members.1.user: Path `user` is required.","level":"error","message":"Error joining room","roomId":"67f6e9759400d5da64e55b01","timestamp":"2025-04-13T20:03:51.699Z"}
{"error":"Room validation failed: members.1.user: Path `user` is required.","level":"error","message":"Error joining room","roomId":"67f6e9759400d5da64e55b01","timestamp":"2025-04-13T20:03:53.300Z"}
{"error":"Room validation failed: members.1.user: Path `user` is required.","level":"error","message":"Error joining room","roomId":"67f6e9759400d5da64e55b01","timestamp":"2025-04-13T20:03:53.438Z"}
{"error":"Room validation failed: members.1.user: Path `user` is required.","level":"error","message":"Error joining room","roomId":"67f6e9759400d5da64e55b01","timestamp":"2025-04-13T20:03:53.573Z"}
{"level":"info","message":"User krishna yadav disconnected","timestamp":"2025-04-13T20:06:07.464Z"}
{"level":"info","message":"New socket connection: 6uweKFE6E8uun-C_AAA2","timestamp":"2025-04-13T20:06:08.076Z"}
{"error":"Room validation failed: members.1.user: Path `user` is required.","level":"error","message":"Error joining room","roomId":"67f6e9759400d5da64e55b01","timestamp":"2025-04-13T20:06:08.219Z"}
{"error":"Room validation failed: members.1.user: Path `user` is required.","level":"error","message":"Error joining room","roomId":"67f6e9759400d5da64e55b01","timestamp":"2025-04-13T20:06:09.570Z"}
{"error":"Room validation failed: members.1.user: Path `user` is required.","level":"error","message":"Error joining room","roomId":"67f6e9759400d5da64e55b01","timestamp":"2025-04-13T20:06:09.663Z"}
{"error":"Room validation failed: members.1.user: Path `user` is required.","level":"error","message":"Error joining room","roomId":"67f6e9759400d5da64e55b01","timestamp":"2025-04-13T20:06:09.758Z"}
{"level":"info","message":"User krishna yadav disconnected","timestamp":"2025-04-13T20:07:13.599Z"}
{"level":"info","message":"New socket connection: tzr32bMRNAqABejwAAA4","timestamp":"2025-04-13T20:07:13.954Z"}
{"error":"Room validation failed: members.1.user: Path `user` is required.","level":"error","message":"Error joining room","roomId":"67f6e9759400d5da64e55b01","timestamp":"2025-04-13T20:07:14.051Z"}
{"error":"Room validation failed: members.1.user: Path `user` is required.","level":"error","message":"Error joining room","roomId":"67f6e9759400d5da64e55b01","timestamp":"2025-04-13T20:07:15.225Z"}
{"error":"Room validation failed: members.1.user: Path `user` is required.","level":"error","message":"Error joining room","roomId":"67f6e9759400d5da64e55b01","timestamp":"2025-04-13T20:07:15.363Z"}
{"error":"Room validation failed: members.1.user: Path `user` is required.","level":"error","message":"Error joining room","roomId":"67f6e9759400d5da64e55b01","timestamp":"2025-04-13T20:07:15.454Z"}
{"error":"Room validation failed: members.1.user: Path `user` is required.","level":"error","message":"Error joining room","roomId":"67f6e9759400d5da64e55b01","timestamp":"2025-04-13T20:08:04.483Z"}
{"error":"Room validation failed: members.1.user: Path `user` is required.","level":"error","message":"Error joining room","roomId":"67f6e9759400d5da64e55b01","timestamp":"2025-04-13T20:08:04.487Z"}
{"error":"Room validation failed: members.1.user: Path `user` is required.","level":"error","message":"Error joining room","roomId":"67f6e9759400d5da64e55b01","timestamp":"2025-04-13T20:08:06.935Z"}
{"error":"Room validation failed: members.1.user: Path `user` is required.","level":"error","message":"Error joining room","roomId":"67f6e9759400d5da64e55b01","timestamp":"2025-04-13T20:08:06.996Z"}
{"level":"info","message":"User krishna yadav disconnected","timestamp":"2025-04-13T20:09:18.091Z"}
{"level":"info","message":"New socket connection: px2_t-ZMNkGNoUI7AAA6","timestamp":"2025-04-13T20:09:18.723Z"}
{"error":"Room validation failed: members.1.user: Path `user` is required.","level":"error","message":"Error joining room","roomId":"67f6e9759400d5da64e55b01","timestamp":"2025-04-13T20:09:18.884Z"}
{"error":"Room validation failed: members.1.user: Path `user` is required.","level":"error","message":"Error joining room","roomId":"67f6e9759400d5da64e55b01","timestamp":"2025-04-13T20:09:20.209Z"}
{"error":"Room validation failed: members.1.user: Path `user` is required.","level":"error","message":"Error joining room","roomId":"67f6e9759400d5da64e55b01","timestamp":"2025-04-13T20:09:20.326Z"}
{"error":"Room validation failed: members.1.user: Path `user` is required.","level":"error","message":"Error joining room","roomId":"67f6e9759400d5da64e55b01","timestamp":"2025-04-13T20:09:20.409Z"}
{"level":"info","message":"User krishna yadav disconnected","timestamp":"2025-04-13T20:10:21.239Z"}
{"level":"info","message":"New socket connection: CjVz0MqFUJUP36rhAAA8","timestamp":"2025-04-13T20:10:21.857Z"}
{"error":"Room validation failed: members.1.user: Path `user` is required.","level":"error","message":"Error joining room","roomId":"67f6e9759400d5da64e55b01","timestamp":"2025-04-13T20:10:21.993Z"}
{"error":"Room validation failed: members.1.user: Path `user` is required.","level":"error","message":"Error joining room","roomId":"67f6e9759400d5da64e55b01","timestamp":"2025-04-13T20:10:23.504Z"}
{"error":"Room validation failed: members.1.user: Path `user` is required.","level":"error","message":"Error joining room","roomId":"67f6e9759400d5da64e55b01","timestamp":"2025-04-13T20:10:23.617Z"}
{"error":"Room validation failed: members.1.user: Path `user` is required.","level":"error","message":"Error joining room","roomId":"67f6e9759400d5da64e55b01","timestamp":"2025-04-13T20:10:23.783Z"}
{"level":"info","message":"User krishna yadav disconnected","timestamp":"2025-04-13T20:10:44.977Z"}
{"level":"info","message":"New socket connection: IL8KP467AvBExtm2AAA-","timestamp":"2025-04-13T20:10:45.309Z"}
{"error":"Room validation failed: members.1.user: Path `user` is required.","level":"error","message":"Error joining room","roomId":"67f6e9759400d5da64e55b01","timestamp":"2025-04-13T20:10:45.401Z"}
{"error":"Room validation failed: members.1.user: Path `user` is required.","level":"error","message":"Error joining room","roomId":"67f6e9759400d5da64e55b01","timestamp":"2025-04-13T20:10:46.612Z"}
{"error":"Room validation failed: members.1.user: Path `user` is required.","level":"error","message":"Error joining room","roomId":"67f6e9759400d5da64e55b01","timestamp":"2025-04-13T20:10:46.656Z"}
{"error":"Room validation failed: members.1.user: Path `user` is required.","level":"error","message":"Error joining room","roomId":"67f6e9759400d5da64e55b01","timestamp":"2025-04-13T20:10:46.752Z"}
{"level":"info","message":"User krishna yadav disconnected","timestamp":"2025-04-13T20:10:52.400Z"}
{"level":"info","message":"New socket connection: nWnoH7FIrZeZDBKvAABA","timestamp":"2025-04-13T20:10:52.742Z"}
{"error":"Room validation failed: members.1.user: Path `user` is required.","level":"error","message":"Error joining room","roomId":"67f6e9759400d5da64e55b01","timestamp":"2025-04-13T20:10:52.834Z"}
{"error":"Room validation failed: members.1.user: Path `user` is required.","level":"error","message":"Error joining room","roomId":"67f6e9759400d5da64e55b01","timestamp":"2025-04-13T20:10:54.017Z"}
{"error":"Room validation failed: members.1.user: Path `user` is required.","level":"error","message":"Error joining room","roomId":"67f6e9759400d5da64e55b01","timestamp":"2025-04-13T20:10:54.084Z"}
{"error":"Room validation failed: members.1.user: Path `user` is required.","level":"error","message":"Error joining room","roomId":"67f6e9759400d5da64e55b01","timestamp":"2025-04-13T20:10:54.193Z"}
{"level":"info","message":"User krishna yadav disconnected","timestamp":"2025-04-13T20:11:01.553Z"}
{"level":"info","message":"New socket connection: y3Y0o3203fKA7KyRAABC","timestamp":"2025-04-13T20:11:02.058Z"}
{"error":"Room validation failed: members.1.user: Path `user` is required.","level":"error","message":"Error joining room","roomId":"67f6e9759400d5da64e55b01","timestamp":"2025-04-13T20:11:02.145Z"}
{"error":"Room validation failed: members.1.user: Path `user` is required.","level":"error","message":"Error joining room","roomId":"67f95f3960740bb995858ee6","timestamp":"2025-04-13T20:11:03.247Z"}
{"error":"Room validation failed: members.1.user: Path `user` is required.","level":"error","message":"Error joining room","roomId":"67f95f3960740bb995858ee6","timestamp":"2025-04-13T20:11:03.296Z"}
{"error":"Room validation failed: members.1.user: Path `user` is required.","level":"error","message":"Error joining room","roomId":"67f95f3960740bb995858ee6","timestamp":"2025-04-13T20:11:03.393Z"}
{"level":"info","message":"User krishna yadav disconnected","timestamp":"2025-04-13T20:11:19.027Z"}
{"level":"info","message":"New socket connection: SOtfITVzwvrTMxOoAABE","timestamp":"2025-04-13T20:11:19.367Z"}
{"error":"Room validation failed: members.1.user: Path `user` is required.","level":"error","message":"Error joining room","roomId":"67f95f3960740bb995858ee6","timestamp":"2025-04-13T20:11:19.460Z"}
{"error":"Room validation failed: members.1.user: Path `user` is required.","level":"error","message":"Error joining room","roomId":"67f95f3960740bb995858ee6","timestamp":"2025-04-13T20:11:20.416Z"}
{"error":"Room validation failed: members.1.user: Path `user` is required.","level":"error","message":"Error joining room","roomId":"67f95f3960740bb995858ee6","timestamp":"2025-04-13T20:11:20.474Z"}
{"error":"Room validation failed: members.1.user: Path `user` is required.","level":"error","message":"Error joining room","roomId":"67f95f3960740bb995858ee6","timestamp":"2025-04-13T20:11:20.562Z"}
{"level":"info","message":"User krishna yadav disconnected","timestamp":"2025-04-13T20:11:25.530Z"}
{"level":"info","message":"New socket connection: Xf0XC36_7dHLo2abAABG","timestamp":"2025-04-13T20:11:26.001Z"}
{"error":"Room validation failed: members.1.user: Path `user` is required.","level":"error","message":"Error joining room","roomId":"67f95f3960740bb995858ee6","timestamp":"2025-04-13T20:11:26.078Z"}
{"error":"Room validation failed: members.1.user: Path `user` is required.","level":"error","message":"Error joining room","roomId":"67f95f3960740bb995858ee6","timestamp":"2025-04-13T20:11:27.302Z"}
{"error":"Room validation failed: members.1.user: Path `user` is required.","level":"error","message":"Error joining room","roomId":"67f95f3960740bb995858ee6","timestamp":"2025-04-13T20:11:27.344Z"}
{"error":"Room validation failed: members.1.user: Path `user` is required.","level":"error","message":"Error joining room","roomId":"67f95f3960740bb995858ee6","timestamp":"2025-04-13T20:11:27.436Z"}
{"error":"Room validation failed: members.1.user: Path `user` is required.","level":"error","message":"Error joining room","roomId":"67f95f3960740bb995858ee6","timestamp":"2025-04-13T20:12:22.018Z"}
{"error":"Room validation failed: members.1.user: Path `user` is required.","level":"error","message":"Error joining room","roomId":"67f95f3960740bb995858ee6","timestamp":"2025-04-13T20:12:22.034Z"}
{"error":"Room validation failed: members.1.user: Path `user` is required.","level":"error","message":"Error joining room","roomId":"67f95f3960740bb995858ee6","timestamp":"2025-04-13T20:12:32.922Z"}
{"error":"Room validation failed: members.1.user: Path `user` is required.","level":"error","message":"Error joining room","roomId":"67f95f3960740bb995858ee6","timestamp":"2025-04-13T20:12:32.975Z"}
{"level":"info","message":"User krishna yadav disconnected","timestamp":"2025-04-13T20:20:52.331Z"}
{"level":"info","message":"New socket connection: xXd5z48GhxeNPK62AABI","timestamp":"2025-04-13T20:20:52.739Z"}
{"error":"Room validation failed: members.1.user: Path `user` is required.","level":"error","message":"Error joining room","roomId":"67f95f3960740bb995858ee6","timestamp":"2025-04-13T20:20:52.836Z"}
{"error":"Room validation failed: members.1.user: Path `user` is required.","level":"error","message":"Error joining room","roomId":"67f6e9759400d5da64e55b01","timestamp":"2025-04-13T20:20:54.224Z"}
{"error":"Room validation failed: members.1.user: Path `user` is required.","level":"error","message":"Error joining room","roomId":"67f6e9759400d5da64e55b01","timestamp":"2025-04-13T20:20:54.276Z"}
{"error":"Room validation failed: members.1.user: Path `user` is required.","level":"error","message":"Error joining room","roomId":"67f6e9759400d5da64e55b01","timestamp":"2025-04-13T20:20:54.369Z"}
{"level":"info","message":"User krishna yadav disconnected","timestamp":"2025-04-13T20:25:26.266Z"}
{"level":"info","message":"New socket connection: 2e21tPxedGISFyq7AABK","timestamp":"2025-04-13T20:25:27.585Z"}
{"level":"info","message":"User krishna yadav disconnected","timestamp":"2025-04-13T20:25:27.697Z"}
{"level":"info","message":"New socket connection: cxt1eooctcKIy8uTAABM","timestamp":"2025-04-13T20:25:34.984Z"}
{"error":"Room validation failed: members.1.user: Path `user` is required.","level":"error","message":"Error joining room","roomId":"67f6e9759400d5da64e55b01","timestamp":"2025-04-13T20:25:35.383Z"}
{"error":"Room validation failed: members.1.user: Path `user` is required.","level":"error","message":"Error joining room","roomId":"67f95f3660740bb995858ee3","timestamp":"2025-04-13T20:25:39.533Z"}
{"error":"Room validation failed: members.1.user: Path `user` is required.","level":"error","message":"Error joining room","roomId":"67f95f3660740bb995858ee3","timestamp":"2025-04-13T20:25:39.636Z"}
{"error":"Room validation failed: members.1.user: Path `user` is required.","level":"error","message":"Error joining room","roomId":"67f95f3660740bb995858ee3","timestamp":"2025-04-13T20:25:39.719Z"}
{"level":"info","message":"User krishna yadav disconnected","timestamp":"2025-04-13T20:25:59.425Z"}
{"level":"info","message":"New socket connection: MKydUjea7p6I1VAvAABO","timestamp":"2025-04-13T20:26:01.781Z"}
{"error":"Room validation failed: members.1.user: Path `user` is required.","level":"error","message":"Error joining room","roomId":"67f95f3660740bb995858ee3","timestamp":"2025-04-13T20:26:02.397Z"}
{"error":"Room validation failed: members.1.user: Path `user` is required.","level":"error","message":"Error joining room","roomId":"67f95f3660740bb995858ee3","timestamp":"2025-04-13T20:26:55.675Z"}
{"error":"Room validation failed: members.1.user: Path `user` is required.","level":"error","message":"Error joining room","roomId":"67f95f3660740bb995858ee3","timestamp":"2025-04-13T20:26:55.774Z"}
{"level":"info","message":"User krishna yadav disconnected","timestamp":"2025-04-13T20:26:55.803Z"}
{"error":"Room validation failed: members.1.user: Path `user` is required.","level":"error","message":"Error joining room","roomId":"67f95f3660740bb995858ee3","timestamp":"2025-04-13T20:26:55.828Z"}
{"level":"info","message":"New socket connection: KLD71y3ozShHV85tAABQ","timestamp":"2025-04-13T20:27:19.168Z"}
{"level":"info","message":"User krishna yadav disconnected","timestamp":"2025-04-13T20:27:19.710Z"}
{"level":"info","message":"New socket connection: SYMkm2ZyGaEdQ3uAAABS","timestamp":"2025-04-13T20:27:24.775Z"}
{"level":"info","message":"User krishna yadav disconnected","timestamp":"2025-04-13T20:27:25.085Z"}
{"level":"info","message":"New socket connection: _OQ3xIDvbnDOUe9HAABU","timestamp":"2025-04-13T20:27:30.444Z"}
{"level":"info","message":"User krishna yadav disconnected","timestamp":"2025-04-13T20:27:30.752Z"}
{"level":"info","message":"New socket connection: xH_ofYDBY7QssbRTAABW","timestamp":"2025-04-13T20:28:04.218Z"}
{"level":"info","message":"User krishna yadav disconnected","timestamp":"2025-04-13T20:28:04.331Z"}
{"level":"info","message":"New socket connection: CcHTV57mycTlOWj5AABY","timestamp":"2025-04-13T20:29:19.485Z"}
{"level":"info","message":"User krishna yadav disconnected","timestamp":"2025-04-13T20:29:19.807Z"}
{"level":"info","message":"New socket connection: DU2Iomj8YvgZuKdgAABa","timestamp":"2025-04-13T20:29:30.839Z"}
{"level":"info","message":"User krishna yadav disconnected","timestamp":"2025-04-13T20:29:31.157Z"}
{"level":"info","message":"New socket connection: jJYLhCWowCauorkvAABc","timestamp":"2025-04-13T20:32:17.715Z"}
{"error":"Room validation failed: members.1.user: Path `user` is required.","level":"error","message":"Error joining room","roomId":"67f95f3660740bb995858ee3","timestamp":"2025-04-13T20:32:17.831Z"}
{"error":"Cast to ObjectId failed for value \"{ roomId: '67f6e9759400d5da64e55b01' }\" (type Object) at path \"_id\" for model \"Room\"","level":"error","message":"Error joining room","roomId":{"roomId":"67f6e9759400d5da64e55b01"},"timestamp":"2025-04-13T20:32:20.547Z"}
{"error":"Room validation failed: members.1.user: Path `user` is required.","level":"error","message":"Error joining room","roomId":"67f6e9759400d5da64e55b01","timestamp":"2025-04-13T20:32:20.746Z"}
{"error":"Room validation failed: members.1.user: Path `user` is required.","level":"error","message":"Error joining room","roomId":"67f6e9759400d5da64e55b01","timestamp":"2025-04-13T20:32:20.878Z"}
{"error":"Room validation failed: members.1.user: Path `user` is required.","level":"error","message":"Error joining room","roomId":"67f6e9759400d5da64e55b01","timestamp":"2025-04-13T20:32:29.365Z"}
{"level":"info","message":"User krishna yadav disconnected","timestamp":"2025-04-13T20:32:29.368Z"}
{"level":"info","message":"New socket connection: wwfokhdWYSwWqxz8AABe","timestamp":"2025-04-13T20:32:31.713Z"}
{"error":"Room validation failed: members.1.user: Path `user` is required.","level":"error","message":"Error joining room","roomId":"67f6e9759400d5da64e55b01","timestamp":"2025-04-13T20:32:31.816Z"}
{"error":"Cast to ObjectId failed for value \"{ roomId: '67f95f3660740bb995858ee3' }\" (type Object) at path \"_id\" for model \"Room\"","level":"error","message":"Error joining room","roomId":{"roomId":"67f95f3660740bb995858ee3"},"timestamp":"2025-04-13T20:32:34.122Z"}
{"level":"info","message":"User krishna yadav disconnected","timestamp":"2025-04-13T20:32:34.227Z"}
{"level":"info","message":"New socket connection: TP34waPQzNXWMixyAABg","timestamp":"2025-04-13T20:32:56.998Z"}
{"error":"Cast to ObjectId failed for value \"{ roomId: '67f6e6329400d5da64e55ab6' }\" (type Object) at path \"_id\" for model \"Room\"","level":"error","message":"Error joining room","roomId":{"roomId":"67f6e6329400d5da64e55ab6"},"timestamp":"2025-04-13T20:32:59.587Z"}
{"level":"info","message":"User krishna yadav disconnected","timestamp":"2025-04-13T20:32:59.705Z"}
{"level":"info","message":"New socket connection: d97bYkcDYn1jZCo7AABi","timestamp":"2025-04-13T20:33:34.792Z"}
{"error":"Cast to ObjectId failed for value \"{ roomId: '67f6e6329400d5da64e55ab6' }\" (type Object) at path \"_id\" for model \"Room\"","level":"error","message":"Error joining room","roomId":{"roomId":"67f6e6329400d5da64e55ab6"},"timestamp":"2025-04-13T20:33:35.614Z"}
{"level":"info","message":"User krishna yadav disconnected","timestamp":"2025-04-13T20:33:35.702Z"}
{"level":"info","message":"New socket connection: bIniZ4-nnj1GcGX3AABk","timestamp":"2025-04-13T20:34:17.385Z"}
{"error":"Cast to ObjectId failed for value \"{ roomId: '67f6e6329400d5da64e55ab6' }\" (type Object) at path \"_id\" for model \"Room\"","level":"error","message":"Error joining room","roomId":{"roomId":"67f6e6329400d5da64e55ab6"},"timestamp":"2025-04-13T20:34:23.174Z"}
{"error":"Room validation failed: members.1.user: Path `user` is required.","level":"error","message":"Error joining room","roomId":"67f6e6329400d5da64e55ab6","timestamp":"2025-04-13T20:34:23.404Z"}
{"error":"Room validation failed: members.1.user: Path `user` is required.","level":"error","message":"Error joining room","roomId":"67f6e6329400d5da64e55ab6","timestamp":"2025-04-13T20:34:23.444Z"}
{"level":"info","message":"User krishna yadav disconnected","timestamp":"2025-04-13T20:34:26.573Z"}
{"error":"Room validation failed: members.1.user: Path `user` is required.","level":"error","message":"Error joining room","roomId":"67f6e6329400d5da64e55ab6","timestamp":"2025-04-13T20:34:26.591Z"}
{"level":"info","message":"New socket connection: LAmPshHnTGdKxKLGAABm","timestamp":"2025-04-13T20:34:27.846Z"}
{"error":"Room validation failed: members.1.user: Path `user` is required.","level":"error","message":"Error joining room","roomId":"67f6e6329400d5da64e55ab6","timestamp":"2025-04-13T20:34:27.930Z"}
{"error":"Cast to ObjectId failed for value \"{ roomId: '67f95f3660740bb995858ee3' }\" (type Object) at path \"_id\" for model \"Room\"","level":"error","message":"Error joining room","roomId":{"roomId":"67f95f3660740bb995858ee3"},"timestamp":"2025-04-13T20:34:29.611Z"}
{"error":"Room validation failed: members.1.user: Path `user` is required.","level":"error","message":"Error joining room","roomId":"67f95f3660740bb995858ee3","timestamp":"2025-04-13T20:34:29.837Z"}
{"error":"Room validation failed: members.1.user: Path `user` is required.","level":"error","message":"Error joining room","roomId":"67f95f3660740bb995858ee3","timestamp":"2025-04-13T20:34:29.925Z"}
{"level":"info","message":"User krishna yadav disconnected","timestamp":"2025-04-13T20:36:29.892Z"}
{"level":"info","message":"New socket connection: CIa7F_HeBo3ztM7gAABo","timestamp":"2025-04-13T20:36:30.579Z"}
{"error":"Room validation failed: members.1.user: Path `user` is required.","level":"error","message":"Error joining room","roomId":"67f95f3660740bb995858ee3","timestamp":"2025-04-13T20:36:30.678Z"}
{"error":"Cast to ObjectId failed for value \"{ roomId: '67fbf463e693b737ff75ca17' }\" (type Object) at path \"_id\" for model \"Room\"","level":"error","message":"Error joining room","roomId":{"roomId":"67fbf463e693b737ff75ca17"},"timestamp":"2025-04-13T20:36:32.127Z"}
{"error":"Room validation failed: members.1.user: Path `user` is required.","level":"error","message":"Error joining room","roomId":"67fbf463e693b737ff75ca17","timestamp":"2025-04-13T20:36:32.314Z"}
{"error":"Room validation failed: members.1.user: Path `user` is required.","level":"error","message":"Error joining room","roomId":"67fbf463e693b737ff75ca17","timestamp":"2025-04-13T20:36:32.406Z"}
{"error":"Room validation failed: members.1.user: Path `user` is required.","level":"error","message":"Error joining room","roomId":"67fbf463e693b737ff75ca17","timestamp":"2025-04-13T20:36:59.269Z"}
{"error":"Room validation failed: members.1.user: Path `user` is required.","level":"error","message":"Error joining room","roomId":"67fbf463e693b737ff75ca17","timestamp":"2025-04-13T20:36:59.271Z"}
{"level":"info","message":"User krishna yadav disconnected","timestamp":"2025-04-13T20:37:38.916Z"}
{"level":"info","message":"New socket connection: SXeBABNLD43VH_ztAABq","timestamp":"2025-04-13T20:37:39.628Z"}
{"error":"Room validation failed: members.1.user: Path `user` is required.","level":"error","message":"Error joining room","roomId":"67fbf463e693b737ff75ca17","timestamp":"2025-04-13T20:37:39.715Z"}
{"error":"Cast to ObjectId failed for value \"{ roomId: '67f6e6329400d5da64e55ab6' }\" (type Object) at path \"_id\" for model \"Room\"","level":"error","message":"Error joining room","roomId":{"roomId":"67f6e6329400d5da64e55ab6"},"timestamp":"2025-04-13T20:37:42.507Z"}
{"error":"Room validation failed: members.1.user: Path `user` is required.","level":"error","message":"Error joining room","roomId":"67f6e6329400d5da64e55ab6","timestamp":"2025-04-13T20:37:42.692Z"}
{"error":"Room validation failed: members.1.user: Path `user` is required.","level":"error","message":"Error joining room","roomId":"67f6e6329400d5da64e55ab6","timestamp":"2025-04-13T20:37:42.777Z"}
{"error":"Room validation failed: members.1.user: Path `user` is required.","level":"error","message":"Error joining room","roomId":"67fc20b794c83056d4378ff4","timestamp":"2025-04-13T20:38:15.360Z"}
{"error":"Room validation failed: members.1.user: Path `user` is required.","level":"error","message":"Error joining room","roomId":"67fc20b794c83056d4378ff4","timestamp":"2025-04-13T20:38:15.444Z"}
{"error":"Cast to ObjectId failed for value \"{ roomId: '67f6e9759400d5da64e55b01' }\" (type Object) at path \"_id\" for model \"Room\"","level":"error","message":"Error joining room","roomId":{"roomId":"67f6e9759400d5da64e55b01"},"timestamp":"2025-04-13T20:38:26.368Z"}
{"error":"Room validation failed: members.1.user: Path `user` is required.","level":"error","message":"Error joining room","roomId":"67f6e9759400d5da64e55b01","timestamp":"2025-04-13T20:38:26.571Z"}
{"error":"Room validation failed: members.1.user: Path `user` is required.","level":"error","message":"Error joining room","roomId":"67f6e9759400d5da64e55b01","timestamp":"2025-04-13T20:38:27.159Z"}
{"error":"Room validation failed: members.1.user: Path `user` is required.","level":"error","message":"Error joining room","roomId":"67f6e9759400d5da64e55b01","timestamp":"2025-04-13T20:38:30.687Z"}
{"error":"Room validation failed: members.1.user: Path `user` is required.","level":"error","message":"Error joining room","roomId":"67f6e9759400d5da64e55b01","timestamp":"2025-04-13T20:38:30.699Z"}
{"level":"info","message":"User krishna yadav disconnected","timestamp":"2025-04-13T20:59:43.072Z"}
{"level":"info","message":"New socket connection: WP5RyxBAwcE_WSeSAABs","timestamp":"2025-04-13T20:59:43.082Z"}
{"error":"Room validation failed: members.1.user: Path `user` is required.","level":"error","message":"Error joining room","roomId":"67f6e9759400d5da64e55b01","timestamp":"2025-04-13T20:59:44.455Z"}
{"error":"Room validation failed: members.1.user: Path `user` is required.","level":"error","message":"Error joining room","roomId":"67f6e9759400d5da64e55b01","timestamp":"2025-04-13T20:59:44.531Z"}
{"error":"Room validation failed: members.1.user: Path `user` is required.","level":"error","message":"Error joining room","roomId":"67f6e9759400d5da64e55b01","timestamp":"2025-04-13T20:59:48.098Z"}
{"error":"Room validation failed: members.1.user: Path `user` is required.","level":"error","message":"Error joining room","roomId":"67f6e9759400d5da64e55b01","timestamp":"2025-04-13T20:59:48.119Z"}
{"error":"Room validation failed: members.1.user: Path `user` is required.","level":"error","message":"Error joining room","roomId":"67f6e9759400d5da64e55b01","timestamp":"2025-04-13T21:03:59.680Z"}
{"error":"Room validation failed: members.1.user: Path `user` is required.","level":"error","message":"Error joining room","roomId":"67f6e9759400d5da64e55b01","timestamp":"2025-04-13T21:03:59.757Z"}
{"level":"info","message":"User krishna yadav disconnected","timestamp":"2025-04-13T21:11:25.234Z"}
{"level":"info","message":"New socket connection: X7IkWCGgU58j6aSUAABu","timestamp":"2025-04-13T21:11:25.886Z"}
{"error":"Room validation failed: members.1.user: Path `user` is required.","level":"error","message":"Error joining room","roomId":"67f6e9759400d5da64e55b01","timestamp":"2025-04-13T21:11:26.064Z"}
{"error":"Cast to ObjectId failed for value \"{ roomId: '67f6e9759400d5da64e55b01' }\" (type Object) at path \"_id\" for model \"Room\"","level":"error","message":"Error joining room","roomId":{"roomId":"67f6e9759400d5da64e55b01"},"timestamp":"2025-04-13T21:11:27.379Z"}
{"error":"Room validation failed: members.1.user: Path `user` is required.","level":"error","message":"Error joining room","roomId":"67f6e9759400d5da64e55b01","timestamp":"2025-04-13T21:11:27.597Z"}
{"error":"Room validation failed: members.1.user: Path `user` is required.","level":"error","message":"Error joining room","roomId":"67f6e9759400d5da64e55b01","timestamp":"2025-04-13T21:11:27.840Z"}
{"level":"info","message":"User krishna yadav disconnected","timestamp":"2025-04-13T21:13:50.886Z"}
{"level":"info","message":"New socket connection: oXKovtwFwPVm6TP5AABw","timestamp":"2025-04-13T21:13:51.343Z"}
{"error":"Room validation failed: members.1.user: Path `user` is required.","level":"error","message":"Error joining room","roomId":"67f6e9759400d5da64e55b01","timestamp":"2025-04-13T21:13:51.420Z"}
{"error":"Cast to ObjectId failed for value \"{ roomId: '67f6e9759400d5da64e55b01' }\" (type Object) at path \"_id\" for model \"Room\"","level":"error","message":"Error joining room","roomId":{"roomId":"67f6e9759400d5da64e55b01"},"timestamp":"2025-04-13T21:13:52.723Z"}
{"error":"Room validation failed: members.1.user: Path `user` is required.","level":"error","message":"Error joining room","roomId":"67f6e9759400d5da64e55b01","timestamp":"2025-04-13T21:13:52.831Z"}
{"error":"Room validation failed: members.1.user: Path `user` is required.","level":"error","message":"Error joining room","roomId":"67f6e9759400d5da64e55b01","timestamp":"2025-04-13T21:13:52.919Z"}
{"level":"info","message":"User krishna yadav disconnected","timestamp":"2025-04-13T21:17:19.294Z"}
{"level":"info","message":"New socket connection: s8wg5_uPLsBHHsJaAABy","timestamp":"2025-04-13T21:17:19.736Z"}
{"error":"Cast to ObjectId failed for value \"{ roomId: '67f6e6329400d5da64e55ab6' }\" (type Object) at path \"_id\" for model \"Room\"","level":"error","message":"Error joining room","roomId":{"roomId":"67f6e6329400d5da64e55ab6"},"timestamp":"2025-04-13T21:17:20.753Z"}
{"error":"Room validation failed: members.1.user: Path `user` is required.","level":"error","message":"Error joining room","roomId":"67f6e6329400d5da64e55ab6","timestamp":"2025-04-13T21:17:20.872Z"}
{"error":"Room validation failed: members.1.user: Path `user` is required.","level":"error","message":"Error joining room","roomId":"67f6e6329400d5da64e55ab6","timestamp":"2025-04-13T21:17:20.949Z"}
{"level":"info","message":"User krishna yadav disconnected","timestamp":"2025-04-13T21:19:08.820Z"}
{"level":"info","message":"New socket connection: jwsfETmhrRJSWsvVAAB0","timestamp":"2025-04-13T21:19:10.650Z"}
{"error":"Room validation failed: members.1.user: Path `user` is required.","level":"error","message":"Error joining room","roomId":"67f6e6329400d5da64e55ab6","timestamp":"2025-04-13T21:19:10.795Z"}
{"error":"Cast to ObjectId failed for value \"{ roomId: '67f6e9759400d5da64e55b01' }\" (type Object) at path \"_id\" for model \"Room\"","level":"error","message":"Error joining room","roomId":{"roomId":"67f6e9759400d5da64e55b01"},"timestamp":"2025-04-13T21:19:21.576Z"}
{"error":"Room validation failed: members.1.user: Path `user` is required.","level":"error","message":"Error joining room","roomId":"67f6e9759400d5da64e55b01","timestamp":"2025-04-13T21:19:21.699Z"}
{"error":"Room validation failed: members.1.user: Path `user` is required.","level":"error","message":"Error joining room","roomId":"67f6e9759400d5da64e55b01","timestamp":"2025-04-13T21:19:21.777Z"}
{"level":"info","message":"User krishna yadav disconnected","timestamp":"2025-04-13T21:20:55.346Z"}
{"level":"info","message":"New socket connection: J5dOSbG7i899HXRRAAB2","timestamp":"2025-04-13T21:20:55.518Z"}
{"error":"Room validation failed: members.1.user: Path `user` is required.","level":"error","message":"Error joining room","roomId":"67f6e9759400d5da64e55b01","timestamp":"2025-04-13T21:20:55.607Z"}
{"error":"Cast to ObjectId failed for value \"{ roomId: '67f6e9759400d5da64e55b01' }\" (type Object) at path \"_id\" for model \"Room\"","level":"error","message":"Error joining room","roomId":{"roomId":"67f6e9759400d5da64e55b01"},"timestamp":"2025-04-13T21:20:57.208Z"}
{"error":"Room validation failed: members.1.user: Path `user` is required.","level":"error","message":"Error joining room","roomId":"67f6e9759400d5da64e55b01","timestamp":"2025-04-13T21:20:57.369Z"}
{"error":"Room validation failed: members.1.user: Path `user` is required.","level":"error","message":"Error joining room","roomId":"67f6e9759400d5da64e55b01","timestamp":"2025-04-13T21:20:57.448Z"}
{"error":"Room validation failed: members.1.user: Path `user` is required.","level":"error","message":"Error joining room","roomId":"67f6e9759400d5da64e55b01","timestamp":"2025-04-13T21:23:50.405Z"}
{"error":"Room validation failed: members.1.user: Path `user` is required.","level":"error","message":"Error joining room","roomId":"67f6e9759400d5da64e55b01","timestamp":"2025-04-13T21:23:50.412Z"}
{"error":"Room validation failed: members.1.user: Path `user` is required.","level":"error","message":"Error joining room","roomId":"67f6e9759400d5da64e55b01","timestamp":"2025-04-13T21:23:52.639Z"}
{"error":"Room validation failed: members.1.user: Path `user` is required.","level":"error","message":"Error joining room","roomId":"67f6e9759400d5da64e55b01","timestamp":"2025-04-13T21:23:52.704Z"}
{"level":"info","message":"User krishna yadav disconnected","timestamp":"2025-04-13T21:24:02.963Z"}
{"level":"info","message":"New socket connection: lhMd32LCNqsV6zlhAAB4","timestamp":"2025-04-13T21:24:49.155Z"}
{"error":"Cast to ObjectId failed for value \"{ roomId: '67f6e6329400d5da64e55ab6' }\" (type Object) at path \"_id\" for model \"Room\"","level":"error","message":"Error joining room","roomId":{"roomId":"67f6e6329400d5da64e55ab6"},"timestamp":"2025-04-13T21:24:50.713Z"}
{"error":"Room validation failed: members.1.user: Path `user` is required.","level":"error","message":"Error joining room","roomId":"67f6e6329400d5da64e55ab6","timestamp":"2025-04-13T21:24:51.352Z"}
{"error":"Room validation failed: members.1.user: Path `user` is required.","level":"error","message":"Error joining room","roomId":"67f6e6329400d5da64e55ab6","timestamp":"2025-04-13T21:24:51.411Z"}
{"level":"info","message":"User krishna yadav disconnected","timestamp":"2025-04-13T21:26:05.056Z"}
{"level":"info","message":"New socket connection: efBWaK8NWoPNTBf3AAB6","timestamp":"2025-04-13T21:26:05.589Z"}
{"level":"info","message":"User krishna yadav disconnected","timestamp":"2025-04-13T21:26:06.379Z"}
{"level":"info","message":"New socket connection: j7ijdn8KWppoqZ-DAAB8","timestamp":"2025-04-13T21:26:06.901Z"}
{"level":"info","message":"User krishna yadav disconnected","timestamp":"2025-04-13T21:27:03.922Z"}
{"level":"info","message":"New socket connection: _Ziv0XHvRBEK9LCIAAB-","timestamp":"2025-04-13T21:27:09.777Z"}
{"level":"info","message":"User krishna yadav disconnected","timestamp":"2025-04-13T21:27:37.352Z"}
{"level":"info","message":"New socket connection: 5Hp9CpAO_h_ABnwDAACA","timestamp":"2025-04-13T21:28:07.399Z"}
{"level":"info","message":"User krishna yadav disconnected","timestamp":"2025-04-13T21:28:25.871Z"}
{"level":"info","message":"New socket connection: 3DpAodNoG_nA1c9GAACC","timestamp":"2025-04-13T21:28:50.448Z"}
{"error":"Cast to ObjectId failed for value \"{ roomId: '67f6e9759400d5da64e55b01' }\" (type Object) at path \"_id\" for model \"Room\"","level":"error","message":"Error joining room","roomId":{"roomId":"67f6e9759400d5da64e55b01"},"timestamp":"2025-04-13T21:31:39.292Z"}
{"error":"Room validation failed: members.1.user: Path `user` is required.","level":"error","message":"Error joining room","roomId":"67f6e9759400d5da64e55b01","timestamp":"2025-04-13T21:31:39.463Z"}
{"error":"Room validation failed: members.1.user: Path `user` is required.","level":"error","message":"Error joining room","roomId":"67f6e9759400d5da64e55b01","timestamp":"2025-04-13T21:31:39.464Z"}
{"error":"Room validation failed: members.1.user: Path `user` is required.","level":"error","message":"Error joining room","roomId":"67f6e9759400d5da64e55b01","timestamp":"2025-04-13T21:31:44.422Z"}
{"error":"Room validation failed: members.1.user: Path `user` is required.","level":"error","message":"Error joining room","roomId":"67f6e9759400d5da64e55b01","timestamp":"2025-04-13T21:31:44.429Z"}
{"error":"Room validation failed: members.1.user: Path `user` is required.","level":"error","message":"Error joining room","roomId":"67f6e9759400d5da64e55b01","timestamp":"2025-04-13T21:31:47.646Z"}
{"error":"Room validation failed: members.1.user: Path `user` is required.","level":"error","message":"Error joining room","roomId":"67f6e9759400d5da64e55b01","timestamp":"2025-04-13T21:31:47.650Z"}
{"error":"Room validation failed: members.1.user: Path `user` is required.","level":"error","message":"Error joining room","roomId":"67f6e9759400d5da64e55b01","timestamp":"2025-04-13T21:31:49.871Z"}
{"error":"Room validation failed: members.1.user: Path `user` is required.","level":"error","message":"Error joining room","roomId":"67f6e9759400d5da64e55b01","timestamp":"2025-04-13T21:31:49.930Z"}
{"level":"info","message":"User krishna yadav disconnected","timestamp":"2025-04-13T21:33:11.112Z"}
{"level":"info","message":"New socket connection: WuP0WN-vdDc6plmpAACF","timestamp":"2025-04-13T21:33:11.472Z"}
{"error":"Cast to ObjectId failed for value \"{ roomId: '67f6e9759400d5da64e55b01' }\" (type Object) at path \"_id\" for model \"Room\"","level":"error","message":"Error joining room","roomId":{"roomId":"67f6e9759400d5da64e55b01"},"timestamp":"2025-04-13T21:33:34.850Z"}
{"error":"Room validation failed: members.1.user: Path `user` is required.","level":"error","message":"Error joining room","roomId":"67f6e9759400d5da64e55b01","timestamp":"2025-04-13T21:33:34.966Z"}
{"error":"Room validation failed: members.1.user: Path `user` is required.","level":"error","message":"Error joining room","roomId":"67f6e9759400d5da64e55b01","timestamp":"2025-04-13T21:33:34.975Z"}
{"error":"Room validation failed: members.1.user: Path `user` is required.","level":"error","message":"Error joining room","roomId":"67f6e9759400d5da64e55b01","timestamp":"2025-04-13T21:34:28.154Z"}
{"error":"Room validation failed: members.1.user: Path `user` is required.","level":"error","message":"Error joining room","roomId":"67f6e9759400d5da64e55b01","timestamp":"2025-04-13T21:34:28.156Z"}
{"level":"info","message":"User krishna yadav disconnected","timestamp":"2025-04-13T21:35:28.595Z"}
{"level":"info","message":"New socket connection: Imepfd82kaIQoi3JAACI","timestamp":"2025-04-13T21:35:28.804Z"}
{"level":"info","message":"User krishna yadav disconnected","timestamp":"2025-04-13T21:35:50.022Z"}
{"level":"info","message":"New socket connection: f1C9C6F-fCwhG25YAACK","timestamp":"2025-04-13T21:35:50.537Z"}
{"error":"Cast to ObjectId failed for value \"{ roomId: '67f6e9759400d5da64e55b01' }\" (type Object) at path \"_id\" for model \"Room\"","level":"error","message":"Error joining room","roomId":{"roomId":"67f6e9759400d5da64e55b01"},"timestamp":"2025-04-13T21:35:51.425Z"}
{"error":"Room validation failed: members.1.user: Path `user` is required.","level":"error","message":"Error joining room","roomId":"67f6e9759400d5da64e55b01","timestamp":"2025-04-13T21:35:51.656Z"}
{"error":"Room validation failed: members.1.user: Path `user` is required.","level":"error","message":"Error joining room","roomId":"67f6e9759400d5da64e55b01","timestamp":"2025-04-13T21:35:51.662Z"}
{"level":"info","message":"User krishna yadav disconnected","timestamp":"2025-04-13T21:36:08.497Z"}
{"level":"info","message":"Server running on port 3001","timestamp":"2025-04-19T13:05:40.907Z"}
{"level":"info","message":"Server running on port 3001","timestamp":"2025-04-19T13:05:51.992Z"}
{"level":"info","message":"New socket connection: vSiZTf2XP5pF8Hv6AAAB","timestamp":"2025-04-19T13:06:37.490Z"}
{"level":"info","message":"User krishna yadav disconnected","timestamp":"2025-04-19T13:06:55.747Z"}
{"level":"info","message":"New socket connection: LaNAXtAkfVVe-Xz8AAAD","timestamp":"2025-04-19T13:17:42.051Z"}
{"level":"info","message":"Server running on port 3001","timestamp":"2025-04-19T13:25:01.833Z"}
{"level":"info","message":"New socket connection: 94WFjR7_Q3kFvYv7AAAB","timestamp":"2025-04-19T13:25:02.643Z"}
{"level":"info","message":"User krishna yadav disconnected","timestamp":"2025-04-19T13:25:46.024Z"}
{"level":"info","message":"New socket connection: CA4jlvcrhaU2FYMmAAAE","timestamp":"2025-04-19T13:25:46.175Z"}
{"level":"info","message":"Server running on port 3001","timestamp":"2025-04-19T13:33:37.327Z"}
{"level":"info","message":"New socket connection: bWrQYe0jhOYa8Ov9AAAB","timestamp":"2025-04-19T13:33:38.139Z"}
{"level":"info","message":"Server running on port 3001","timestamp":"2025-04-19T13:35:30.227Z"}
{"level":"info","message":"New socket connection: IFqXdq0pNXFNIWQCAAAB","timestamp":"2025-04-19T13:35:31.097Z"}
{"level":"info","message":"User krishna yadav disconnected","timestamp":"2025-04-19T14:03:33.550Z"}
{"level":"info","message":"New socket connection: _xI26fRKo0S6IAKFAAAD","timestamp":"2025-04-19T14:03:36.714Z"}
{"level":"info","message":"User krishna yadav disconnected","timestamp":"2025-04-19T14:07:57.218Z"}
{"level":"info","message":"New socket connection: wTCVfHk6oWyV9sYAAAAF","timestamp":"2025-04-19T14:08:26.390Z"}
{"level":"info","message":"User krishna yadav disconnected","timestamp":"2025-04-19T14:10:53.522Z"}
{"level":"info","message":"New socket connection: rZjI9zoeMIcFlmwxAAAH","timestamp":"2025-04-19T14:10:57.252Z"}
{"level":"info","message":"Server running on port 3001","timestamp":"2025-04-19T14:12:47.563Z"}
{"level":"info","message":"New socket connection: p1QkYANxydCI9geiAAAB","timestamp":"2025-04-19T14:12:48.819Z"}
{"level":"info","message":"User krishna yadav disconnected","timestamp":"2025-04-19T14:13:39.408Z"}
{"level":"info","message":"New socket connection: gGpW6UR7Hr-nASNnAAAD","timestamp":"2025-04-19T14:13:42.582Z"}
{"level":"info","message":"User krishna yadav disconnected","timestamp":"2025-04-19T14:14:27.869Z"}
{"level":"info","message":"New socket connection: pEJnas9138Rf4S7NAAAF","timestamp":"2025-04-19T14:14:31.022Z"}
{"level":"info","message":"User krishna yadav disconnected","timestamp":"2025-04-19T14:16:32.843Z"}
{"level":"info","message":"New socket connection: 1PgL4R-p9D4QvbimAAAH","timestamp":"2025-04-19T14:16:36.736Z"}
{"level":"info","message":"Server running on port 3001","timestamp":"2025-04-19T16:51:08.484Z"}
{"level":"info","message":"Server running on port 3001","timestamp":"2025-04-19T16:52:28.876Z"}
{"level":"info","message":"Server running on port 3001","timestamp":"2025-04-19T16:53:23.883Z"}
{"level":"info","message":"Server running on port 3001","timestamp":"2025-04-19T17:04:36.462Z"}
{"level":"info","message":"Server running on port 3001","timestamp":"2025-04-19T17:05:28.422Z"}
{"level":"info","message":"New socket connection: QZOogyRnzvJF8tDvAAAB","timestamp":"2025-04-19T17:07:22.269Z"}
{"level":"info","message":"User krishna yadav disconnected","timestamp":"2025-04-19T17:13:22.178Z"}
{"level":"info","message":"New socket connection: H2TVWCc1qYnaDohCAAAD","timestamp":"2025-04-19T17:13:22.508Z"}
{"level":"info","message":"User krishna yadav disconnected","timestamp":"2025-04-19T17:13:23.061Z"}
{"level":"info","message":"New socket connection: zX3QDd6wBtcNF_VVAAAF","timestamp":"2025-04-19T17:13:23.354Z"}
{"level":"info","message":"User krishna yadav disconnected","timestamp":"2025-04-19T17:20:42.355Z"}
{"level":"info","message":"New socket connection: KuLyTIGLXvrbfmR1AAAH","timestamp":"2025-04-19T17:20:45.472Z"}
{"level":"info","message":"User krishna yadav disconnected","timestamp":"2025-04-19T17:30:30.963Z"}
{"level":"info","message":"New socket connection: lDdHBUEZ8OjMu2muAAAJ","timestamp":"2025-04-19T17:30:34.091Z"}
{"level":"info","message":"User krishna yadav disconnected","timestamp":"2025-04-19T17:51:02.295Z"}
{"level":"info","message":"Server running on port 3001","timestamp":"2025-04-19T18:16:24.090Z"}
{"level":"info","message":"Server running on port 3001","timestamp":"2025-04-19T18:16:31.412Z"}
{"level":"info","message":"Server running on port 3001","timestamp":"2025-04-19T18:18:00.996Z"}
{"level":"info","message":"Server running on port 3001","timestamp":"2025-04-19T18:18:31.381Z"}
{"level":"info","message":"Server running on port 3001","timestamp":"2025-04-19T18:18:50.623Z"}
{"level":"info","message":"Server running on port 3001","timestamp":"2025-04-19T18:18:57.155Z"}
{"level":"info","message":"Server running on port 3001","timestamp":"2025-04-19T19:11:33.158Z"}
{"level":"info","message":"Server running on port 3001","timestamp":"2025-04-19T19:14:34.164Z"}
{"level":"info","message":"Server running on port 3001","timestamp":"2025-04-19T19:14:40.464Z"}
{"level":"info","message":"Server running on port 3001","timestamp":"2025-04-19T19:14:53.223Z"}
{"level":"info","message":"Server running on port 3001","timestamp":"2025-04-19T19:15:17.605Z"}
{"level":"info","message":"Server running on port 3001","timestamp":"2025-04-19T19:15:19.131Z"}
{"level":"info","message":"Server running on port 3001","timestamp":"2025-04-19T19:15:20.609Z"}
{"level":"info","message":"Server running on port 3001","timestamp":"2025-04-19T19:15:24.845Z"}
{"level":"info","message":"Server running on port 3001","timestamp":"2025-04-19T19:15:28.598Z"}
{"level":"info","message":"Server running on port 3001","timestamp":"2025-04-19T19:15:32.354Z"}
{"level":"info","message":"Server running on port 3001","timestamp":"2025-04-19T19:15:51.801Z"}
{"level":"info","message":"Server running on port 3001","timestamp":"2025-04-19T19:16:43.895Z"}
{"level":"info","message":"Server running on port 3001","timestamp":"2025-04-19T19:16:44.752Z"}
{"level":"info","message":"Server running on port 3001","timestamp":"2025-04-19T19:17:04.040Z"}
{"level":"info","message":"Server running on port 3001","timestamp":"2025-04-19T19:17:05.472Z"}
{"level":"info","message":"Server running on port 3001","timestamp":"2025-04-19T19:17:21.976Z"}
{"level":"info","message":"Server running on port 3001","timestamp":"2025-04-19T19:17:59.982Z"}
{"level":"info","message":"Server running on port 3001","timestamp":"2025-04-19T19:18:36.645Z"}
{"level":"info","message":"Server running on port 3001","timestamp":"2025-04-19T19:19:02.956Z"}
{"level":"info","message":"Server running on port 3001","timestamp":"2025-04-19T19:19:16.475Z"}
{"level":"info","message":"Server running on port 3001","timestamp":"2025-04-19T19:19:42.548Z"}
{"level":"info","message":"Server running on port 3001","timestamp":"2025-04-19T19:19:45.541Z"}
{"level":"info","message":"Server running on port 3001","timestamp":"2025-04-19T19:19:47.667Z"}
{"level":"info","message":"Server running on port 3001","timestamp":"2025-04-19T19:19:50.112Z"}
{"level":"info","message":"Server running on port 3001","timestamp":"2025-04-19T19:22:47.995Z"}
{"level":"info","message":"Server running on port 3001","timestamp":"2025-04-19T19:22:49.667Z"}
{"level":"info","message":"Server running on port 3001","timestamp":"2025-04-19T19:22:53.691Z"}
{"level":"info","message":"Server running on port 3001","timestamp":"2025-04-19T19:22:55.199Z"}
{"level":"info","message":"Server running on port 3001","timestamp":"2025-04-19T19:25:54.750Z"}
{"level":"info","message":"Server running on port 3001","timestamp":"2025-04-19T19:25:57.681Z"}
{"level":"info","message":"Server running on port 3001","timestamp":"2025-04-19T19:26:00.813Z"}
{"level":"info","message":"Server running on port 3001","timestamp":"2025-04-19T19:26:02.074Z"}
{"level":"info","message":"Server running on port 3001","timestamp":"2025-04-19T19:26:03.966Z"}
{"level":"info","message":"Server running on port 3001","timestamp":"2025-04-19T19:28:12.157Z"}
{"level":"info","message":"Server running on port 3001","timestamp":"2025-04-19T19:30:42.755Z"}
{"level":"info","message":"Server running on port 3001","timestamp":"2025-04-19T19:30:47.406Z"}
{"level":"info","message":"Server running on port 3001","timestamp":"2025-04-19T19:30:49.823Z"}
{"level":"info","message":"Server running on port 3001","timestamp":"2025-04-19T19:30:51.020Z"}
{"level":"info","message":"Server running on port 3001","timestamp":"2025-04-19T19:30:53.501Z"}
{"level":"info","message":"Server running on port 3001","timestamp":"2025-04-19T19:32:08.167Z"}
{"level":"info","message":"Server running on port 3001","timestamp":"2025-04-19T19:32:11.459Z"}
{"level":"info","message":"Server running on port 3001","timestamp":"2025-04-19T19:57:57.809Z"}
{"level":"info","message":"Server running on port 3001","timestamp":"2025-04-19T19:58:01.915Z"}
{"level":"info","message":"Server running on port 3001","timestamp":"2025-04-19T19:58:06.874Z"}
{"level":"info","message":"Server running on port 3001","timestamp":"2025-04-19T19:58:12.028Z"}
{"level":"info","message":"Server running on port 3001","timestamp":"2025-04-19T19:58:13.909Z"}
{"level":"info","message":"Server running on port 3001","timestamp":"2025-04-19T19:58:15.018Z"}
{"level":"info","message":"Server running on port 3001","timestamp":"2025-04-19T19:59:24.981Z"}
{"level":"info","message":"Server running on port 3001","timestamp":"2025-04-19T19:59:25.929Z"}
{"level":"info","message":"Server running on port 3001","timestamp":"2025-04-19T20:00:21.990Z"}
{"level":"info","message":"Server running on port 3001","timestamp":"2025-04-19T20:03:51.597Z"}
{"level":"info","message":"Server running on port 3001","timestamp":"2025-04-19T20:23:38.295Z"}
{"level":"info","message":"Server running on port 3001","timestamp":"2025-04-19T20:27:42.057Z"}
{"level":"info","message":"Server running on port 3001","timestamp":"2025-04-19T20:36:03.842Z"}
{"level":"info","message":"Server running on port 3001","timestamp":"2025-04-19T20:36:19.657Z"}
{"level":"info","message":"Server running on port 3001","timestamp":"2025-04-19T20:37:06.000Z"}
{"level":"info","message":"Server running on port 3001","timestamp":"2025-04-19T20:38:49.276Z"}
{"level":"info","message":"Server running on port 3001","timestamp":"2025-04-19T20:42:45.375Z"}
{"level":"info","message":"Server running on port 3001","timestamp":"2025-04-19T20:43:31.708Z"}
{"level":"info","message":"Server running on port 3001","timestamp":"2025-04-19T20:46:05.866Z"}
{"level":"info","message":"Server running on port 3001","timestamp":"2025-04-19T20:49:42.482Z"}
{"level":"info","message":"Server running on port 3001","timestamp":"2025-04-19T20:51:09.616Z"}
{"level":"info","message":"Server running on port 3001","timestamp":"2025-04-19T20:51:46.690Z"}
{"level":"info","message":"Server running on port 3001","timestamp":"2025-04-19T20:53:27.203Z"}
{"level":"info","message":"Server running on port 3001","timestamp":"2025-04-19T20:58:22.588Z"}
{"level":"info","message":"Server running on port 3001","timestamp":"2025-04-19T20:59:22.837Z"}
{"level":"info","message":"Server running on port 3001","timestamp":"2025-04-19T21:02:34.938Z"}
{"level":"info","message":"Server running on port 3001","timestamp":"2025-04-19T21:03:33.010Z"}
{"level":"info","message":"Server running on port 3001","timestamp":"2025-04-19T21:06:49.606Z"}
{"level":"info","message":"Server running on port 3001","timestamp":"2025-04-19T21:07:17.067Z"}
{"level":"info","message":"Server running on port 3001","timestamp":"2025-04-19T21:07:26.514Z"}
{"level":"info","message":"Server running on port 3001","timestamp":"2025-04-19T21:07:54.438Z"}
{"level":"info","message":"Server running on port 3001","timestamp":"2025-04-19T21:11:12.580Z"}
{"level":"info","message":"Server running on port 3001","timestamp":"2025-04-19T21:12:18.868Z"}
{"level":"info","message":"Server running on port 3001","timestamp":"2025-04-20T14:41:11.426Z"}
{"level":"info","message":"Server running on port 3001","timestamp":"2025-04-20T15:39:51.373Z"}
{"level":"info","message":"Server running on port 3001","timestamp":"2025-04-20T17:58:27.658Z"}
{"level":"info","message":"Server running on port 3001","timestamp":"2025-04-25T05:51:28.493Z"}
{"level":"info","message":"Server running on port 3001","timestamp":"2025-04-25T08:19:08.720Z"}
{"level":"info","message":"Server running on port 3001","timestamp":"2025-04-25T08:19:21.672Z"}
{"level":"info","message":"Server running on port 3001","timestamp":"2025-04-25T08:32:10.577Z"}
{"level":"info","message":"New socket connection: 3PeEb-cEkPW6tGiIAAAS","timestamp":"2025-04-25T11:39:34.807Z"}
{"error":"Room validation failed: members.18.user: Path `user` is required.","level":"error","message":"Error joining room","roomId":"680b23d9e07fc1d25609d7f2","timestamp":"2025-04-25T11:39:39.183Z"}
{"error":"Room validation failed: members.18.user: Path `user` is required.","level":"error","message":"Error joining room","roomId":"680b23d9e07fc1d25609d7f2","timestamp":"2025-04-25T11:39:39.360Z"}
{"error":"Room validation failed: members.18.user: Path `user` is required.","level":"error","message":"Error joining room","roomId":"680b23d9e07fc1d25609d7f2","timestamp":"2025-04-25T11:39:39.621Z"}
{"level":"info","message":"User Garvit Gupta disconnected","timestamp":"2025-04-25T11:43:45.876Z"}
{"level":"info","message":"New socket connection: e5TDEvKQjDZgH6jmAAAU","timestamp":"2025-04-25T11:43:47.141Z"}
{"error":"Room validation failed: members.19.user: Path `user` is required.","level":"error","message":"Error joining room","roomId":"680b23d9e07fc1d25609d7f2","timestamp":"2025-04-25T11:43:51.820Z"}
{"error":"Room validation failed: members.19.user: Path `user` is required.","level":"error","message":"Error joining room","roomId":"680b23d9e07fc1d25609d7f2","timestamp":"2025-04-25T11:43:52.014Z"}
{"error":"Room validation failed: members.19.user: Path `user` is required.","level":"error","message":"Error joining room","roomId":"680b23d9e07fc1d25609d7f2","timestamp":"2025-04-25T11:43:52.225Z"}
{"level":"info","message":"Message sent in room 680b23d9e07fc1d25609d7f2","timestamp":"2025-04-25T11:46:25.606Z"}
{"level":"info","message":"User Garvit Gupta disconnected","timestamp":"2025-04-25T11:47:00.627Z"}
{"level":"info","message":"New socket connection: HUFmzHc5RwVa7QeLAAAW","timestamp":"2025-04-25T11:47:01.205Z"}
{"error":"Room validation failed: members.20.user: Path `user` is required.","level":"error","message":"Error joining room","roomId":"680b23d9e07fc1d25609d7f2","timestamp":"2025-04-25T11:47:04.509Z"}
{"error":"Room validation failed: members.20.user: Path `user` is required.","level":"error","message":"Error joining room","roomId":"680b23d9e07fc1d25609d7f2","timestamp":"2025-04-25T11:47:04.563Z"}
{"error":"Room validation failed: members.20.user: Path `user` is required.","level":"error","message":"Error joining room","roomId":"680b23d9e07fc1d25609d7f2","timestamp":"2025-04-25T11:47:04.714Z"}
{"error":"Room validation failed: members.21.user: Path `user` is required.","level":"error","message":"Error joining room","roomId":"680b23d9e07fc1d25609d7f2","timestamp":"2025-04-25T11:48:02.525Z"}
{"error":"Room validation failed: members.21.user: Path `user` is required.","level":"error","message":"Error joining room","roomId":"680b23d9e07fc1d25609d7f2","timestamp":"2025-04-25T11:48:02.744Z"}
{"error":"Room validation failed: members.21.user: Path `user` is required.","level":"error","message":"Error joining room","roomId":"680b23d9e07fc1d25609d7f2","timestamp":"2025-04-25T11:48:02.863Z"}
{"error":"Room validation failed: members.22.user: Path `user` is required.","level":"error","message":"Error joining room","roomId":"680b23d9e07fc1d25609d7f2","timestamp":"2025-04-25T11:49:36.170Z"}
{"error":"Room validation failed: members.22.user: Path `user` is required.","level":"error","message":"Error joining room","roomId":"680b23d9e07fc1d25609d7f2","timestamp":"2025-04-25T11:49:36.398Z"}
{"error":"Room validation failed: members.22.user: Path `user` is required.","level":"error","message":"Error joining room","roomId":"680b23d9e07fc1d25609d7f2","timestamp":"2025-04-25T11:49:36.588Z"}
{"error":"Room validation failed: members.22.user: Path `user` is required.","level":"error","message":"Error joining room","roomId":"680b23d9e07fc1d25609d7f2","timestamp":"2025-04-25T11:56:30.930Z"}
{"error":"Room validation failed: members.22.user: Path `user` is required.","level":"error","message":"Error joining room","roomId":"680b23d9e07fc1d25609d7f2","timestamp":"2025-04-25T11:56:30.971Z"}
{"error":"CodeSession is not defined","level":"error","message":"Error updating code","timestamp":"2025-04-25T11:56:31.374Z"}
{"error":"CodeSession is not defined","level":"error","message":"Error updating code","timestamp":"2025-04-25T11:56:31.377Z"}
{"error":"getaddrinfo ENOTFOUND ac-0zdhq68-shard-00-01.dhctmjl.mongodb.net","level":"error","message":"Error joining room","roomId":"680b23d9e07fc1d25609d7f2","timestamp":"2025-04-25T12:00:32.284Z"}
{"error":"getaddrinfo ENOTFOUND ac-0zdhq68-shard-00-01.dhctmjl.mongodb.net","level":"error","message":"Error joining room","roomId":"680b23d9e07fc1d25609d7f2","timestamp":"2025-04-25T12:00:32.668Z"}
{"level":"info","message":"New socket connection: kwmvM9BMQojIj6Z7AAAY","timestamp":"2025-04-25T12:02:26.747Z"}
{"error":"Room validation failed: members.22.user: Path `user` is required.","level":"error","message":"Error joining room","roomId":"680b23d9e07fc1d25609d7f2","timestamp":"2025-04-25T12:02:26.779Z"}
{"error":"Room validation failed: members.22.user: Path `user` is required.","level":"error","message":"Error joining room","roomId":"680b23d9e07fc1d25609d7f2","timestamp":"2025-04-25T12:02:26.807Z"}
{"level":"info","message":"User Garvit Gupta disconnected","timestamp":"2025-04-25T12:02:26.932Z"}
{"error":"Room validation failed: members.23.user: Path `user` is required.","level":"error","message":"Error joining room","roomId":"680b23d9e07fc1d25609d7f2","timestamp":"2025-04-25T12:02:31.301Z"}
{"error":"Room validation failed: members.23.user: Path `user` is required.","level":"error","message":"Error joining room","roomId":"680b23d9e07fc1d25609d7f2","timestamp":"2025-04-25T12:02:31.394Z"}
{"error":"Room validation failed: members.23.user: Path `user` is required.","level":"error","message":"Error joining room","roomId":"680b23d9e07fc1d25609d7f2","timestamp":"2025-04-25T12:02:31.724Z"}
{"error":"Room validation failed: members.23.user: Path `user` is required.","level":"error","message":"Error joining room","roomId":"680b23d9e07fc1d25609d7f2","timestamp":"2025-04-25T12:05:47.553Z"}
{"error":"Room validation failed: members.23.user: Path `user` is required.","level":"error","message":"Error joining room","roomId":"680b23d9e07fc1d25609d7f2","timestamp":"2025-04-25T12:05:47.557Z"}
{"level":"info","message":"User Garvit Gupta disconnected","timestamp":"2025-04-25T12:11:09.057Z"}
{"level":"info","message":"New socket connection: R9wD2jITeMQoKgArAAAa","timestamp":"2025-04-25T12:51:08.269Z"}
{"error":"Room validation failed: members.23.user: Path `user` is required.","level":"error","message":"Error joining room","roomId":"680b23d9e07fc1d25609d7f2","timestamp":"2025-04-25T12:51:08.456Z"}
{"level":"info","message":"User Garvit Gupta disconnected","timestamp":"2025-04-25T12:51:34.227Z"}
{"level":"info","message":"New socket connection: RtqgSEV8f7NSiFgVAAAc","timestamp":"2025-04-25T12:51:34.472Z"}
{"error":"Room validation failed: members.24.user: Path `user` is required.","level":"error","message":"Error joining room","roomId":"680b23d9e07fc1d25609d7f2","timestamp":"2025-04-25T12:51:36.812Z"}
{"error":"Room validation failed: members.24.user: Path `user` is required.","level":"error","message":"Error joining room","roomId":"680b23d9e07fc1d25609d7f2","timestamp":"2025-04-25T12:51:36.872Z"}
{"error":"Room validation failed: members.24.user: Path `user` is required.","level":"error","message":"Error joining room","roomId":"680b23d9e07fc1d25609d7f2","timestamp":"2025-04-25T12:51:37.025Z"}
{"level":"info","message":"Message sent in room 680b23d9e07fc1d25609d7f2","timestamp":"2025-04-25T12:51:45.554Z"}
{"level":"info","message":"Video state changed for user Garvit Gupta: camera off","timestamp":"2025-04-25T12:52:19.806Z"}
{"level":"info","message":"User Garvit Gupta disconnected","timestamp":"2025-04-25T13:01:54.699Z"}
{"level":"info","message":"New socket connection: BJUf3pSo35wbXXn7AAAe","timestamp":"2025-04-25T13:01:55.482Z"}
{"error":"Room validation failed: members.25.user: Path `user` is required.","level":"error","message":"Error joining room","roomId":"680b23d9e07fc1d25609d7f2","timestamp":"2025-04-25T13:02:47.098Z"}
{"error":"Room validation failed: members.25.user: Path `user` is required.","level":"error","message":"Error joining room","roomId":"680b23d9e07fc1d25609d7f2","timestamp":"2025-04-25T13:02:47.379Z"}
{"error":"Room validation failed: members.25.user: Path `user` is required.","level":"error","message":"Error joining room","roomId":"680b23d9e07fc1d25609d7f2","timestamp":"2025-04-25T13:02:47.688Z"}
{"error":"Room validation failed: members.26.user: Path `user` is required.","level":"error","message":"Error joining room","roomId":"680b23d9e07fc1d25609d7f2","timestamp":"2025-04-25T13:02:58.884Z"}
{"error":"Room validation failed: members.26.user: Path `user` is required.","level":"error","message":"Error joining room","roomId":"680b23d9e07fc1d25609d7f2","timestamp":"2025-04-25T13:02:58.984Z"}
{"error":"Room validation failed: members.26.user: Path `user` is required.","level":"error","message":"Error joining room","roomId":"680b23d9e07fc1d25609d7f2","timestamp":"2025-04-25T13:02:59.112Z"}
{"error":"Room validation failed: members.27.user: Path `user` is required.","level":"error","message":"Error joining room","roomId":"680b23d9e07fc1d25609d7f2","timestamp":"2025-04-25T13:03:11.748Z"}
{"error":"Room validation failed: members.27.user: Path `user` is required.","level":"error","message":"Error joining room","roomId":"680b23d9e07fc1d25609d7f2","timestamp":"2025-04-25T13:03:11.820Z"}
{"error":"Room validation failed: members.27.user: Path `user` is required.","level":"error","message":"Error joining room","roomId":"680b23d9e07fc1d25609d7f2","timestamp":"2025-04-25T13:03:11.949Z"}
{"error":"Room validation failed: members.1.user: Path `user` is required.","level":"error","message":"Error joining room","roomId":"680b884459612c2ba67bd3f7","timestamp":"2025-04-25T13:04:04.965Z"}
{"error":"Room validation failed: members.1.user: Path `user` is required.","level":"error","message":"Error joining room","roomId":"680b884459612c2ba67bd3f7","timestamp":"2025-04-25T13:04:05.242Z"}
{"error":"Room validation failed: members.2.user: Path `user` is required.","level":"error","message":"Error joining room","roomId":"680b884459612c2ba67bd3f7","timestamp":"2025-04-25T13:08:11.842Z"}
{"error":"Room validation failed: members.2.user: Path `user` is required.","level":"error","message":"Error joining room","roomId":"680b884459612c2ba67bd3f7","timestamp":"2025-04-25T13:08:11.912Z"}
{"error":"Room validation failed: members.2.user: Path `user` is required.","level":"error","message":"Error joining room","roomId":"680b884459612c2ba67bd3f7","timestamp":"2025-04-25T13:08:12.027Z"}
{"level":"info","message":"Server running on port 3001","timestamp":"2025-04-25T13:26:41.820Z"}
{"level":"info","message":"New socket connection: lOEOUj0M5Oh-6738AAAB","timestamp":"2025-04-25T13:26:42.693Z"}
{"error":"Room validation failed: members.2.user: Path `user` is required.","level":"error","message":"Error joining room","roomId":"680b884459612c2ba67bd3f7","timestamp":"2025-04-25T13:26:42.865Z"}
{"level":"info","message":"Server running on port 3001","timestamp":"2025-04-25T13:26:49.454Z"}
{"level":"info","message":"New socket connection: D82QKO6rwyjOtPbcAAAB","timestamp":"2025-04-25T13:26:50.128Z"}
{"error":"Room validation failed: members.2.user: Path `user` is required.","level":"error","message":"Error joining room","roomId":"680b884459612c2ba67bd3f7","timestamp":"2025-04-25T13:26:50.337Z"}
{"level":"info","message":"Server running on port 3001","timestamp":"2025-04-25T13:26:55.239Z"}
{"level":"info","message":"Server running on port 3001","timestamp":"2025-04-25T13:27:03.048Z"}
{"level":"info","message":"Server running on port 3001","timestamp":"2025-04-25T13:27:04.102Z"}
{"level":"info","message":"Server running on port 3001","timestamp":"2025-04-25T13:27:06.599Z"}
{"level":"info","message":"New socket connection: owHXAuQhNu_L2TFeAAAB","timestamp":"2025-04-25T13:27:08.354Z"}
{"error":"Room validation failed: members.2.user: Path `user` is required.","level":"error","message":"Error joining room","roomId":"680b884459612c2ba67bd3f7","timestamp":"2025-04-25T13:27:08.498Z"}
{"level":"info","message":"Server running on port 3001","timestamp":"2025-04-25T13:27:12.363Z"}
{"level":"info","message":"Server running on port 3001","timestamp":"2025-04-25T13:27:15.472Z"}
{"level":"info","message":"New socket connection: knczNrsM-paltze_AAAB","timestamp":"2025-04-25T13:27:16.199Z"}
{"error":"Room validation failed: members.2.user: Path `user` is required.","level":"error","message":"Error joining room","roomId":"680b884459612c2ba67bd3f7","timestamp":"2025-04-25T13:27:16.280Z"}
{"level":"info","message":"Server running on port 3001","timestamp":"2025-04-25T13:27:17.961Z"}
{"level":"info","message":"New socket connection: O8XcP3J5VkZgrrE4AAAB","timestamp":"2025-04-25T13:27:18.935Z"}
{"error":"Room validation failed: members.2.user: Path `user` is required.","level":"error","message":"Error joining room","roomId":"680b884459612c2ba67bd3f7","timestamp":"2025-04-25T13:27:19.016Z"}
{"level":"info","message":"Server running on port 3001","timestamp":"2025-04-25T13:27:37.136Z"}
{"level":"info","message":"New socket connection: SgJBUCmZkMm6bXncAAAB","timestamp":"2025-04-25T13:27:37.943Z"}
{"error":"Room validation failed: members.2.user: Path `user` is required.","level":"error","message":"Error joining room","roomId":"680b884459612c2ba67bd3f7","timestamp":"2025-04-25T13:27:38.034Z"}
{"level":"info","message":"Server running on port 3001","timestamp":"2025-04-25T13:27:45.050Z"}
{"level":"info","message":"New socket connection: -wpKG3P503DCj0FLAAAB","timestamp":"2025-04-25T13:27:46.951Z"}
{"error":"Room validation failed: members.2.user: Path `user` is required.","level":"error","message":"Error joining room","roomId":"680b884459612c2ba67bd3f7","timestamp":"2025-04-25T13:27:47.046Z"}
{"level":"info","message":"Server running on port 3001","timestamp":"2025-04-25T13:28:01.849Z"}
{"level":"info","message":"New socket connection: cNZAr9OnGMzSHfOWAAAB","timestamp":"2025-04-25T13:28:03.664Z"}
{"error":"Room validation failed: members.2.user: Path `user` is required.","level":"error","message":"Error joining room","roomId":"680b884459612c2ba67bd3f7","timestamp":"2025-04-25T13:28:03.762Z"}
{"level":"info","message":"New socket connection: 1uTAsKkeRwL33mKRAAAD","timestamp":"2025-04-25T13:29:15.633Z"}
{"error":"Room validation failed: members.3.user: Path `user` is required.","level":"error","message":"Error joining room","roomId":"680b884459612c2ba67bd3f7","timestamp":"2025-04-25T13:29:18.349Z"}
{"error":"Room validation failed: members.3.user: Path `user` is required.","level":"error","message":"Error joining room","roomId":"680b884459612c2ba67bd3f7","timestamp":"2025-04-25T13:29:18.891Z"}
{"error":"Room validation failed: members.3.user: Path `user` is required.","level":"error","message":"Error joining room","roomId":"680b884459612c2ba67bd3f7","timestamp":"2025-04-25T13:29:18.912Z"}
{"error":"Room validation failed: members.4.user: Path `user` is required.","level":"error","message":"Error joining room","roomId":"680b884459612c2ba67bd3f7","timestamp":"2025-04-25T13:31:28.553Z"}
{"error":"Room validation failed: members.4.user: Path `user` is required.","level":"error","message":"Error joining room","roomId":"680b884459612c2ba67bd3f7","timestamp":"2025-04-25T13:31:28.701Z"}
{"error":"Room validation failed: members.4.user: Path `user` is required.","level":"error","message":"Error joining room","roomId":"680b884459612c2ba67bd3f7","timestamp":"2025-04-25T13:31:28.837Z"}
{"error":"Room validation failed: members.5.user: Path `user` is required.","level":"error","message":"Error joining room","roomId":"680b884459612c2ba67bd3f7","timestamp":"2025-04-25T13:32:25.849Z"}
{"error":"Room validation failed: members.5.user: Path `user` is required.","level":"error","message":"Error joining room","roomId":"680b884459612c2ba67bd3f7","timestamp":"2025-04-25T13:32:26.062Z"}
{"error":"Room validation failed: members.5.user: Path `user` is required.","level":"error","message":"Error joining room","roomId":"680b884459612c2ba67bd3f7","timestamp":"2025-04-25T13:32:26.339Z"}
{"error":"Room validation failed: members.6.user: Path `user` is required.","level":"error","message":"Error joining room","roomId":"680b884459612c2ba67bd3f7","timestamp":"2025-04-25T13:32:39.813Z"}
{"error":"Room validation failed: members.6.user: Path `user` is required.","level":"error","message":"Error joining room","roomId":"680b884459612c2ba67bd3f7","timestamp":"2025-04-25T13:32:39.999Z"}
{"error":"Room validation failed: members.6.user: Path `user` is required.","level":"error","message":"Error joining room","roomId":"680b884459612c2ba67bd3f7","timestamp":"2025-04-25T13:32:40.105Z"}
{"level":"info","message":"User Garvit Gupta disconnected","timestamp":"2025-04-25T13:42:47.480Z"}
{"error":"Room validation failed: members.7.user: Path `user` is required.","level":"error","message":"Error joining room","roomId":"680b884459612c2ba67bd3f7","timestamp":"2025-04-25T13:44:03.894Z"}
{"error":"Room validation failed: members.7.user: Path `user` is required.","level":"error","message":"Error joining room","roomId":"680b884459612c2ba67bd3f7","timestamp":"2025-04-25T13:44:04.060Z"}
{"error":"Room validation failed: members.7.user: Path `user` is required.","level":"error","message":"Error joining room","roomId":"680b884459612c2ba67bd3f7","timestamp":"2025-04-25T13:44:04.214Z"}
{"level":"info","message":"New socket connection: B9GFknMmLCv4uejEAAAF","timestamp":"2025-04-25T13:46:26.954Z"}
{"level":"info","message":"User Garvit Gupta disconnected","timestamp":"2025-04-25T13:55:32.388Z"}
{"level":"info","message":"New socket connection: 5O44qfNkKKmKyLGiAAAH","timestamp":"2025-04-25T13:55:33.085Z"}
{"error":"Room validation failed: members.8.user: Path `user` is required.","level":"error","message":"Error joining room","roomId":"680b884459612c2ba67bd3f7","timestamp":"2025-04-25T13:55:35.390Z"}
{"error":"Room validation failed: members.8.user: Path `user` is required.","level":"error","message":"Error joining room","roomId":"680b884459612c2ba67bd3f7","timestamp":"2025-04-25T13:55:35.470Z"}
{"error":"Room validation failed: members.8.user: Path `user` is required.","level":"error","message":"Error joining room","roomId":"680b884459612c2ba67bd3f7","timestamp":"2025-04-25T13:55:35.629Z"}
{"level":"info","message":"Server running on port 3001","timestamp":"2025-04-25T13:58:04.251Z"}
{"level":"info","message":"Server running on port 3001","timestamp":"2025-04-25T13:58:05.743Z"}
{"level":"info","message":"New socket connection: PqRRK4goPdzJUaphAAAD","timestamp":"2025-04-25T13:58:06.362Z"}
{"error":"Room validation failed: members.8.user: Path `user` is required.","level":"error","message":"Error joining room","roomId":"680b884459612c2ba67bd3f7","timestamp":"2025-04-25T13:58:06.508Z"}
{"level":"info","message":"New socket connection: gM7demiAPIrejHXXAAAC","timestamp":"2025-04-25T13:58:06.581Z"}
{"error":"Room validation failed: members.8.user: Path `user` is required.","level":"error","message":"Error joining room","roomId":"680b884459612c2ba67bd3f7","timestamp":"2025-04-25T13:58:06.686Z"}
{"level":"info","message":"User Garvit Gupta disconnected","timestamp":"2025-04-25T13:58:12.725Z"}
{"level":"info","message":"New socket connection: 5A28G13N3h7wJl-kAAAF","timestamp":"2025-04-25T13:58:13.774Z"}
{"error":"Room validation failed: members.9.user: Path `user` is required.","level":"error","message":"Error joining room","roomId":"680b884459612c2ba67bd3f7","timestamp":"2025-04-25T13:58:15.414Z"}
{"error":"Room validation failed: members.9.user: Path `user` is required.","level":"error","message":"Error joining room","roomId":"680b884459612c2ba67bd3f7","timestamp":"2025-04-25T13:58:15.640Z"}
{"error":"Room validation failed: members.9.user: Path `user` is required.","level":"error","message":"Error joining room","roomId":"680b884459612c2ba67bd3f7","timestamp":"2025-04-25T13:58:15.701Z"}
{"level":"info","message":"User Garvit Gupta disconnected","timestamp":"2025-04-25T14:11:46.111Z"}
{"level":"info","message":"New socket connection: -E-I6x1FdXJjtQkZAAAH","timestamp":"2025-04-25T14:11:47.588Z"}
{"level":"warn","message":"Room capacity exceeded: 680b884459612c2ba67bd3f7","timestamp":"2025-04-25T14:11:52.432Z"}
{"level":"warn","message":"Room capacity exceeded: 680b884459612c2ba67bd3f7","timestamp":"2025-04-25T14:11:52.716Z"}
{"level":"warn","message":"Room capacity exceeded: 680b884459612c2ba67bd3f7","timestamp":"2025-04-25T14:11:52.896Z"}
{"level":"info","message":"User Garvit Gupta disconnected","timestamp":"2025-04-25T14:12:50.037Z"}
{"level":"info","message":"New socket connection: tw50FwD8ay0wooXeAAAJ","timestamp":"2025-04-25T14:12:51.329Z"}
{"level":"warn","message":"Room capacity exceeded: 680b884459612c2ba67bd3f7","timestamp":"2025-04-25T14:12:54.662Z"}
{"level":"warn","message":"Room capacity exceeded: 680b884459612c2ba67bd3f7","timestamp":"2025-04-25T14:12:54.881Z"}
{"level":"warn","message":"Room capacity exceeded: 680b884459612c2ba67bd3f7","timestamp":"2025-04-25T14:12:55.200Z"}
{"level":"info","message":"User Garvit Gupta disconnected","timestamp":"2025-04-25T14:13:27.268Z"}
{"level":"info","message":"New socket connection: dLpJsGaxGUAsS4dLAAAL","timestamp":"2025-04-25T14:13:28.400Z"}
{"level":"warn","message":"Room capacity exceeded: 680b884459612c2ba67bd3f7","timestamp":"2025-04-25T14:13:30.873Z"}
{"level":"warn","message":"Room capacity exceeded: 680b884459612c2ba67bd3f7","timestamp":"2025-04-25T14:13:31.410Z"}
{"level":"warn","message":"Room capacity exceeded: 680b884459612c2ba67bd3f7","timestamp":"2025-04-25T14:13:31.459Z"}
{"level":"info","message":"User Garvit Gupta disconnected","timestamp":"2025-04-25T14:27:59.534Z"}
{"level":"info","message":"User Garvit Gupta disconnected","timestamp":"2025-04-25T14:28:13.665Z"}
{"level":"info","message":"New socket connection: AClWGPji7gE5bgBXAAAN","timestamp":"2025-04-25T14:31:50.943Z"}
{"level":"info","message":"New socket connection: xN8WA9BGbntdiv_OAAAP","timestamp":"2025-04-25T14:31:50.968Z"}
{"level":"warn","message":"Room capacity exceeded: 680b884459612c2ba67bd3f7","timestamp":"2025-04-25T14:31:50.996Z"}
{"level":"warn","message":"Room capacity exceeded: 680b884459612c2ba67bd3f7","timestamp":"2025-04-25T14:31:51.018Z"}
{"level":"info","message":"User Garvit Gupta disconnected","timestamp":"2025-04-25T14:32:07.178Z"}
{"level":"info","message":"New socket connection: _bPMqhhVfN-9a_LUAAAR","timestamp":"2025-04-25T14:32:08.564Z"}
{"level":"warn","message":"Room capacity exceeded: 680b884459612c2ba67bd3f7","timestamp":"2025-04-25T14:32:12.530Z"}
{"level":"warn","message":"Room capacity exceeded: 680b884459612c2ba67bd3f7","timestamp":"2025-04-25T14:32:12.848Z"}
{"level":"warn","message":"Room capacity exceeded: 680b884459612c2ba67bd3f7","timestamp":"2025-04-25T14:32:12.957Z"}
{"level":"info","message":"User Garvit Gupta disconnected","timestamp":"2025-04-25T14:33:15.987Z"}
{"level":"info","message":"New socket connection: jKYhsUaA02RMT7RSAAAT","timestamp":"2025-04-25T14:34:20.357Z"}
{"level":"warn","message":"Room capacity exceeded: 680b884459612c2ba67bd3f7","timestamp":"2025-04-25T14:34:20.450Z"}
{"level":"warn","message":"Room capacity exceeded: 680b884459612c2ba67bd3f7","timestamp":"2025-04-25T14:34:26.925Z"}
{"level":"warn","message":"Room capacity exceeded: 680b884459612c2ba67bd3f7","timestamp":"2025-04-25T14:34:27.126Z"}
{"level":"warn","message":"Room capacity exceeded: 680b884459612c2ba67bd3f7","timestamp":"2025-04-25T14:34:27.275Z"}
{"level":"info","message":"Server running on port 3001","timestamp":"2025-04-25T14:35:08.935Z"}
{"level":"info","message":"New socket connection: v23uX-OS3f0ojWMfAAAD","timestamp":"2025-04-25T14:35:09.572Z"}
{"level":"warn","message":"Room capacity exceeded: 680b884459612c2ba67bd3f7","timestamp":"2025-04-25T14:35:09.653Z"}
{"level":"info","message":"New socket connection: EhBStuZji7UeNxyEAAAB","timestamp":"2025-04-25T14:35:09.835Z"}
{"level":"warn","message":"Room capacity exceeded: 680b884459612c2ba67bd3f7","timestamp":"2025-04-25T14:35:09.898Z"}
{"level":"info","message":"User Garvit Gupta disconnected","timestamp":"2025-04-25T14:39:03.944Z"}
{"level":"info","message":"New socket connection: npC_V9QthA5aPU6GAAAF","timestamp":"2025-04-25T14:39:04.893Z"}
{"level":"info","message":"User Garvit Gupta disconnected","timestamp":"2025-04-25T14:39:19.503Z"}
{"level":"info","message":"New socket connection: E5QxugXTgtzcARroAAAH","timestamp":"2025-04-25T14:39:20.425Z"}
{"level":"warn","message":"Room capacity exceeded: 680b884459612c2ba67bd3f7","timestamp":"2025-04-25T14:40:21.351Z"}
{"level":"warn","message":"Room capacity exceeded: 680b884459612c2ba67bd3f7","timestamp":"2025-04-25T14:40:21.580Z"}
{"level":"warn","message":"Room capacity exceeded: 680b884459612c2ba67bd3f7","timestamp":"2025-04-25T14:40:21.622Z"}
{"level":"info","message":"User Garvit Gupta disconnected","timestamp":"2025-04-25T14:40:29.820Z"}
{"level":"info","message":"New socket connection: k0qquGmywNgkHq3VAAAJ","timestamp":"2025-04-25T14:40:30.726Z"}
{"level":"info","message":"User Garvit Gupta disconnected","timestamp":"2025-04-25T14:40:36.917Z"}
{"level":"info","message":"New socket connection: aCWOndHbMy0LJ4SLAAAL","timestamp":"2025-04-25T14:40:38.239Z"}
{"level":"warn","message":"Room capacity exceeded: 680b884459612c2ba67bd3f7","timestamp":"2025-04-25T14:40:42.104Z"}
{"level":"warn","message":"Room capacity exceeded: 680b884459612c2ba67bd3f7","timestamp":"2025-04-25T14:40:42.340Z"}
{"level":"warn","message":"Room capacity exceeded: 680b884459612c2ba67bd3f7","timestamp":"2025-04-25T14:40:42.453Z"}
{"level":"warn","message":"Room capacity exceeded: 680b884459612c2ba67bd3f7","timestamp":"2025-04-25T14:40:48.483Z"}
{"level":"warn","message":"Room capacity exceeded: 680b884459612c2ba67bd3f7","timestamp":"2025-04-25T14:40:48.522Z"}
{"level":"warn","message":"Room capacity exceeded: 680b884459612c2ba67bd3f7","timestamp":"2025-04-25T14:40:48.635Z"}
{"level":"info","message":"User Garvit Gupta disconnected","timestamp":"2025-04-25T14:40:57.397Z"}
{"level":"info","message":"New socket connection: X3ZSpPKBgbq81TOkAAAN","timestamp":"2025-04-25T14:41:15.484Z"}
{"level":"warn","message":"Room capacity exceeded: 680b884459612c2ba67bd3f7","timestamp":"2025-04-25T14:41:20.059Z"}
{"level":"warn","message":"Room capacity exceeded: 680b884459612c2ba67bd3f7","timestamp":"2025-04-25T14:41:20.232Z"}
{"level":"warn","message":"Room capacity exceeded: 680b884459612c2ba67bd3f7","timestamp":"2025-04-25T14:41:20.479Z"}
{"level":"info","message":"User Garvit Gupta disconnected","timestamp":"2025-04-25T14:43:36.494Z"}
{"level":"info","message":"New socket connection: oEQPI8-BaLTvHWtPAAAP","timestamp":"2025-04-25T14:43:38.312Z"}
{"level":"warn","message":"Room capacity exceeded: 680b884459612c2ba67bd3f7","timestamp":"2025-04-25T14:44:03.885Z"}
{"level":"warn","message":"Room capacity exceeded: 680b884459612c2ba67bd3f7","timestamp":"2025-04-25T14:44:03.900Z"}
{"level":"warn","message":"Room capacity exceeded: 680b884459612c2ba67bd3f7","timestamp":"2025-04-25T14:44:05.368Z"}
{"level":"warn","message":"Room capacity exceeded: 680b884459612c2ba67bd3f7","timestamp":"2025-04-25T14:44:05.371Z"}
{"level":"info","message":"User Garvit Gupta disconnected","timestamp":"2025-04-25T14:44:06.328Z"}
{"level":"info","message":"New socket connection: _ED4tPdJB_Ru0ZEoAAAR","timestamp":"2025-04-25T14:44:07.845Z"}
{"level":"warn","message":"Room capacity exceeded: 680b884459612c2ba67bd3f7","timestamp":"2025-04-25T14:44:22.659Z"}
{"level":"warn","message":"Room capacity exceeded: 680b884459612c2ba67bd3f7","timestamp":"2025-04-25T14:44:22.668Z"}
{"level":"warn","message":"Room capacity exceeded: 680b884459612c2ba67bd3f7","timestamp":"2025-04-25T14:44:23.963Z"}
{"level":"warn","message":"Room capacity exceeded: 680b884459612c2ba67bd3f7","timestamp":"2025-04-25T14:44:23.965Z"}
{"level":"info","message":"User Garvit Gupta disconnected","timestamp":"2025-04-25T14:44:25.600Z"}
{"level":"info","message":"New socket connection: MFd2YShmemgJ8dh-AAAT","timestamp":"2025-04-25T14:44:27.075Z"}
{"level":"info","message":"User Garvit Gupta disconnected","timestamp":"2025-04-25T14:44:38.684Z"}
{"level":"info","message":"New socket connection: dIRdQv89UNUOCUnWAAAV","timestamp":"2025-04-25T14:44:39.272Z"}
{"level":"warn","message":"Room capacity exceeded: 680b884459612c2ba67bd3f7","timestamp":"2025-04-25T14:45:34.041Z"}
{"level":"warn","message":"Room capacity exceeded: 680b884459612c2ba67bd3f7","timestamp":"2025-04-25T14:45:34.202Z"}
{"level":"warn","message":"Room capacity exceeded: 680b884459612c2ba67bd3f7","timestamp":"2025-04-25T14:45:34.547Z"}
{"level":"info","message":"User Garvit Gupta disconnected","timestamp":"2025-04-25T14:45:54.091Z"}
{"level":"info","message":"New socket connection: WMRfXS8wwNfSoZ1bAAAX","timestamp":"2025-04-25T14:45:54.870Z"}
{"level":"info","message":"User Garvit Gupta disconnected","timestamp":"2025-04-25T14:47:56.545Z"}
{"level":"info","message":"New socket connection: A06dS5lW4h2Z78BtAAAZ","timestamp":"2025-04-25T14:47:57.344Z"}
{"level":"warn","message":"Room capacity exceeded: 680b884459612c2ba67bd3f7","timestamp":"2025-04-25T14:48:00.746Z"}
{"level":"warn","message":"Room capacity exceeded: 680b884459612c2ba67bd3f7","timestamp":"2025-04-25T14:48:00.969Z"}
{"level":"warn","message":"Room capacity exceeded: 680b884459612c2ba67bd3f7","timestamp":"2025-04-25T14:48:01.018Z"}
{"level":"warn","message":"Room capacity exceeded: 680b884459612c2ba67bd3f7","timestamp":"2025-04-25T14:48:41.887Z"}
{"level":"warn","message":"Room capacity exceeded: 680b884459612c2ba67bd3f7","timestamp":"2025-04-25T14:48:42.338Z"}
{"level":"warn","message":"Room capacity exceeded: 680b884459612c2ba67bd3f7","timestamp":"2025-04-25T14:48:42.371Z"}
{"level":"info","message":"User Garvit Gupta disconnected","timestamp":"2025-04-25T14:48:47.125Z"}
{"level":"info","message":"New socket connection: DDPVprtuYcqnH9LvAAAb","timestamp":"2025-04-25T14:48:47.633Z"}
{"level":"info","message":"User Garvit Gupta disconnected","timestamp":"2025-04-25T14:48:50.416Z"}
{"level":"info","message":"New socket connection: rkfuf6FqB6aDdklhAAAd","timestamp":"2025-04-25T14:48:51.567Z"}
{"level":"warn","message":"Room capacity exceeded: 680b884459612c2ba67bd3f7","timestamp":"2025-04-25T14:48:54.543Z"}
{"level":"warn","message":"Room capacity exceeded: 680b884459612c2ba67bd3f7","timestamp":"2025-04-25T14:48:54.692Z"}
{"level":"warn","message":"Room capacity exceeded: 680b884459612c2ba67bd3f7","timestamp":"2025-04-25T14:48:54.826Z"}
{"level":"warn","message":"Room capacity exceeded: 680b884459612c2ba67bd3f7","timestamp":"2025-04-25T14:50:42.059Z"}
{"level":"warn","message":"Room capacity exceeded: 680b884459612c2ba67bd3f7","timestamp":"2025-04-25T14:50:42.142Z"}
{"level":"warn","message":"Room capacity exceeded: 680b884459612c2ba67bd3f7","timestamp":"2025-04-25T14:50:42.287Z"}
{"level":"warn","message":"Room capacity exceeded: 680b884459612c2ba67bd3f7","timestamp":"2025-04-25T14:51:30.664Z"}
{"level":"warn","message":"Room capacity exceeded: 680b884459612c2ba67bd3f7","timestamp":"2025-04-25T14:51:30.681Z"}
{"level":"info","message":"User Garvit Gupta disconnected","timestamp":"2025-04-25T14:51:33.075Z"}
{"level":"info","message":"New socket connection: bwb-8kFG_2IB2_LcAAAf","timestamp":"2025-04-25T14:51:33.919Z"}
{"level":"info","message":"User Garvit Gupta disconnected","timestamp":"2025-04-25T14:51:39.701Z"}
{"level":"info","message":"New socket connection: AnEwhsKRK1a_wf9BAAAh","timestamp":"2025-04-25T14:51:39.777Z"}
{"level":"warn","message":"Room capacity exceeded: 680b884459612c2ba67bd3f7","timestamp":"2025-04-25T14:51:41.578Z"}
{"level":"warn","message":"Room capacity exceeded: 680b884459612c2ba67bd3f7","timestamp":"2025-04-25T14:51:41.751Z"}
{"level":"warn","message":"Room capacity exceeded: 680b884459612c2ba67bd3f7","timestamp":"2025-04-25T14:51:41.998Z"}
{"level":"info","message":"Server running on port 3001","timestamp":"2025-04-25T14:52:49.716Z"}
{"level":"info","message":"Server running on port 3001","timestamp":"2025-04-25T14:53:01.006Z"}
{"level":"info","message":"Server running on port 3001","timestamp":"2025-04-25T14:53:04.047Z"}
{"level":"info","message":"Server running on port 3001","timestamp":"2025-04-25T14:53:05.829Z"}
{"level":"info","message":"New socket connection: 5alFhbtcQReoqf9sAAAD","timestamp":"2025-04-25T14:53:06.799Z"}
{"level":"warn","message":"Room capacity exceeded: 680b884459612c2ba67bd3f7","timestamp":"2025-04-25T14:53:06.900Z"}
{"level":"info","message":"New socket connection: vYpyVxz5-GmoqivHAAAB","timestamp":"2025-04-25T14:53:07.047Z"}
{"level":"warn","message":"Room capacity exceeded: 680b884459612c2ba67bd3f7","timestamp":"2025-04-25T14:53:07.123Z"}
{"level":"info","message":"User Garvit Gupta disconnected","timestamp":"2025-04-25T14:53:11.847Z"}
{"level":"info","message":"New socket connection: l5EJOYM7KRkp8EVPAAAF","timestamp":"2025-04-25T14:53:12.797Z"}
{"level":"warn","message":"Room capacity exceeded: 680b884459612c2ba67bd3f7","timestamp":"2025-04-25T14:53:23.483Z"}
{"level":"warn","message":"Room capacity exceeded: 680b884459612c2ba67bd3f7","timestamp":"2025-04-25T14:53:23.679Z"}
{"level":"warn","message":"Room capacity exceeded: 680b884459612c2ba67bd3f7","timestamp":"2025-04-25T14:53:24.150Z"}
{"level":"info","message":"Server running on port 3001","timestamp":"2025-04-25T14:54:28.707Z"}
{"level":"info","message":"New socket connection: K4XWJ2UdceTfh9JGAAAB","timestamp":"2025-04-25T14:54:29.906Z"}
{"level":"info","message":"New socket connection: mGnF37lGprlKaJW6AAAD","timestamp":"2025-04-25T14:54:29.941Z"}
{"level":"warn","message":"Room capacity exceeded: 680b884459612c2ba67bd3f7","timestamp":"2025-04-25T14:54:29.957Z"}
{"level":"warn","message":"Room capacity exceeded: 680b884459612c2ba67bd3f7","timestamp":"2025-04-25T14:54:29.997Z"}
{"level":"info","message":"User Garvit Gupta disconnected","timestamp":"2025-04-25T14:54:36.133Z"}
{"level":"info","message":"New socket connection: yaoORtqFehdmn8ALAAAF","timestamp":"2025-04-25T14:54:37.213Z"}
{"level":"warn","message":"Room capacity exceeded: 680b884459612c2ba67bd3f7","timestamp":"2025-04-25T14:54:42.539Z"}
{"level":"warn","message":"Room capacity exceeded: 680b884459612c2ba67bd3f7","timestamp":"2025-04-25T14:54:42.725Z"}
{"level":"warn","message":"Room capacity exceeded: 680b884459612c2ba67bd3f7","timestamp":"2025-04-25T14:54:43.047Z"}
{"level":"info","message":"Server running on port 3001","timestamp":"2025-04-25T15:21:13.051Z"}
{"level":"info","message":"New socket connection: 5b5Xj4Pqsnm6-JMBAAAB","timestamp":"2025-04-25T15:21:14.043Z"}
{"level":"info","message":"New socket connection: H1mv2DAn1tzIJQqKAAAD","timestamp":"2025-04-25T15:21:15.016Z"}
{"level":"warn","message":"Room capacity exceeded: 680b884459612c2ba67bd3f7","timestamp":"2025-04-25T15:21:15.068Z"}
{"level":"info","message":"Server running on port 3001","timestamp":"2025-04-25T15:23:22.956Z"}
{"level":"info","message":"Server running on port 3001","timestamp":"2025-04-25T15:23:31.648Z"}
{"level":"info","message":"Server running on port 3001","timestamp":"2025-04-25T15:23:32.570Z"}
{"level":"info","message":"New socket connection: ZNt9jB_AkljMayHrAAAB","timestamp":"2025-04-25T15:23:37.053Z"}
{"level":"info","message":"Server running on port 3001","timestamp":"2025-04-25T15:23:43.199Z"}
{"level":"info","message":"New socket connection: S2gAv7E6bxNB6-SiAAAB","timestamp":"2025-04-25T15:23:44.137Z"}
{"level":"info","message":"New socket connection: Bt1zpJj4X1NTGv2cAAAD","timestamp":"2025-04-25T15:27:20.038Z"}
{"level":"warn","message":"Room capacity exceeded: 680b884459612c2ba67bd3f7","timestamp":"2025-04-25T15:27:20.116Z"}
{"level":"info","message":"User Garvit Gupta disconnected","timestamp":"2025-04-25T15:27:42.312Z"}
{"level":"info","message":"New socket connection: DFIJB1GO-FXhZU92AAAF","timestamp":"2025-04-25T15:27:47.091Z"}
{"level":"warn","message":"Room capacity exceeded: 680b884459612c2ba67bd3f7","timestamp":"2025-04-25T15:27:57.831Z"}
{"level":"warn","message":"Room capacity exceeded: 680b884459612c2ba67bd3f7","timestamp":"2025-04-25T15:27:58.022Z"}
{"level":"warn","message":"Room capacity exceeded: 680b884459612c2ba67bd3f7","timestamp":"2025-04-25T15:27:58.308Z"}
{"level":"info","message":"User Garvit Gupta disconnected","timestamp":"2025-04-25T15:33:28.586Z"}
{"level":"info","message":"User Garvit Gupta disconnected","timestamp":"2025-04-25T15:33:50.951Z"}
{"level":"info","message":"New socket connection: x3sJcsJmXaCx1PCbAAAH","timestamp":"2025-04-25T15:34:04.583Z"}
{"level":"warn","message":"Room capacity exceeded: 680b884459612c2ba67bd3f7","timestamp":"2025-04-25T15:34:06.663Z"}
{"level":"warn","message":"Room capacity exceeded: 680b884459612c2ba67bd3f7","timestamp":"2025-04-25T15:34:07.140Z"}
{"level":"warn","message":"Room capacity exceeded: 680b884459612c2ba67bd3f7","timestamp":"2025-04-25T15:34:07.144Z"}
{"level":"info","message":"User Garvit Gupta disconnected","timestamp":"2025-04-25T15:36:07.867Z"}
{"level":"info","message":"New socket connection: LnE0zhECfvRm-vwPAAAJ","timestamp":"2025-04-25T15:36:09.096Z"}
{"level":"warn","message":"Room capacity exceeded: 680b884459612c2ba67bd3f7","timestamp":"2025-04-25T15:36:11.387Z"}
{"level":"warn","message":"Room capacity exceeded: 680b884459612c2ba67bd3f7","timestamp":"2025-04-25T15:36:11.536Z"}
{"level":"warn","message":"Room capacity exceeded: 680b884459612c2ba67bd3f7","timestamp":"2025-04-25T15:36:11.685Z"}
{"level":"info","message":"User Garvit Gupta disconnected","timestamp":"2025-04-25T15:37:17.774Z"}
{"level":"info","message":"New socket connection: 8KGgFX0-R15J8XDFAAAL","timestamp":"2025-04-25T15:37:19.198Z"}
{"level":"warn","message":"Room capacity exceeded: 680b884459612c2ba67bd3f7","timestamp":"2025-04-25T15:37:24.531Z"}
{"level":"warn","message":"Room capacity exceeded: 680b884459612c2ba67bd3f7","timestamp":"2025-04-25T15:37:24.730Z"}
{"level":"warn","message":"Room capacity exceeded: 680b884459612c2ba67bd3f7","timestamp":"2025-04-25T15:37:24.920Z"}
{"level":"info","message":"New socket connection: wuSxmFQg7OA9ZzzTAAAN","timestamp":"2025-04-25T15:37:26.065Z"}
{"level":"info","message":"User Garvit Gupta disconnected","timestamp":"2025-04-25T15:37:41.571Z"}
{"level":"info","message":"New socket connection: xQ95vcn7JK4UlSDhAAAP","timestamp":"2025-04-25T15:37:45.098Z"}
{"level":"warn","message":"Room capacity exceeded: 680b884459612c2ba67bd3f7","timestamp":"2025-04-25T15:37:51.051Z"}
{"level":"warn","message":"Room capacity exceeded: 680b884459612c2ba67bd3f7","timestamp":"2025-04-25T15:37:51.244Z"}
{"level":"warn","message":"Room capacity exceeded: 680b884459612c2ba67bd3f7","timestamp":"2025-04-25T15:37:51.487Z"}
{"level":"info","message":"User Garvit Gupta disconnected","timestamp":"2025-04-25T15:38:51.097Z"}
{"level":"info","message":"Server running on port 3001","timestamp":"2025-04-25T15:39:05.434Z"}
{"level":"info","message":"New socket connection: w-QmGXqj9EvyQe9dAAAB","timestamp":"2025-04-25T15:39:06.192Z"}
{"level":"warn","message":"Room capacity exceeded: 680b884459612c2ba67bd3f7","timestamp":"2025-04-25T15:39:06.238Z"}
{"level":"info","message":"Server running on port 3001","timestamp":"2025-04-25T15:39:08.408Z"}
{"level":"info","message":"Server running on port 3001","timestamp":"2025-04-25T15:39:11.075Z"}
{"level":"info","message":"Server running on port 3001","timestamp":"2025-04-25T15:39:12.458Z"}
{"level":"info","message":"Server running on port 3001","timestamp":"2025-04-25T15:39:13.852Z"}
{"level":"info","message":"Server running on port 3001","timestamp":"2025-04-25T15:39:15.323Z"}
{"level":"info","message":"Server running on port 3001","timestamp":"2025-04-25T15:39:17.161Z"}
{"level":"info","message":"Server running on port 3001","timestamp":"2025-04-25T15:39:19.801Z"}
{"level":"info","message":"New socket connection: 3yHRmGVQBEblof6KAAAB","timestamp":"2025-04-25T15:39:20.525Z"}
{"level":"warn","message":"Room capacity exceeded: 680b884459612c2ba67bd3f7","timestamp":"2025-04-25T15:39:20.577Z"}
{"level":"info","message":"Server running on port 3001","timestamp":"2025-04-25T15:39:21.968Z"}
{"level":"info","message":"New socket connection: 23LEXPXdjPKDOVzjAAAB","timestamp":"2025-04-25T15:39:22.729Z"}
{"level":"warn","message":"Room capacity exceeded: 680b884459612c2ba67bd3f7","timestamp":"2025-04-25T15:39:22.828Z"}
{"level":"info","message":"Server running on port 3001","timestamp":"2025-04-25T15:39:29.341Z"}
{"level":"info","message":"New socket connection: 7FUb4Gn5Si7g3D0VAAAB","timestamp":"2025-04-25T15:39:30.047Z"}
{"level":"warn","message":"Room capacity exceeded: 680b884459612c2ba67bd3f7","timestamp":"2025-04-25T15:39:30.101Z"}
{"level":"info","message":"Server running on port 3001","timestamp":"2025-04-25T15:39:33.762Z"}
{"level":"info","message":"New socket connection: 33bncNNLHaFKIz7zAAAB","timestamp":"2025-04-25T15:39:34.784Z"}
{"level":"warn","message":"Room capacity exceeded: 680b884459612c2ba67bd3f7","timestamp":"2025-04-25T15:39:34.829Z"}
{"level":"info","message":"Server running on port 3001","timestamp":"2025-04-25T15:39:45.433Z"}
{"level":"info","message":"Server running on port 3001","timestamp":"2025-04-25T15:40:14.562Z"}
{"level":"info","message":"New socket connection: Etwn0dpTkoU8btKHAAAB","timestamp":"2025-04-25T15:40:15.337Z"}
{"level":"warn","message":"Room capacity exceeded: 680b884459612c2ba67bd3f7","timestamp":"2025-04-25T15:40:15.382Z"}
{"level":"info","message":"Server running on port 3001","timestamp":"2025-04-25T15:40:17.721Z"}
{"level":"info","message":"New socket connection: X7yW7cX0N_QOoFFYAAAB","timestamp":"2025-04-25T15:40:18.462Z"}
{"level":"warn","message":"Room capacity exceeded: 680b884459612c2ba67bd3f7","timestamp":"2025-04-25T15:40:18.505Z"}
{"level":"info","message":"Server running on port 3001","timestamp":"2025-04-25T15:40:21.350Z"}
{"level":"info","message":"New socket connection: o28-j4qu5QN8VdAgAAAB","timestamp":"2025-04-25T15:40:22.168Z"}
{"level":"warn","message":"Room capacity exceeded: 680b884459612c2ba67bd3f7","timestamp":"2025-04-25T15:40:22.211Z"}
{"level":"info","message":"Server running on port 3001","timestamp":"2025-04-25T15:41:00.383Z"}
{"level":"info","message":"Server running on port 3001","timestamp":"2025-04-25T15:41:02.292Z"}
{"level":"info","message":"Server running on port 3001","timestamp":"2025-04-25T15:41:03.710Z"}
{"level":"info","message":"Server running on port 3001","timestamp":"2025-04-25T15:41:07.575Z"}
{"level":"info","message":"Server running on port 3001","timestamp":"2025-04-25T15:41:09.160Z"}
{"level":"info","message":"Server running on port 3001","timestamp":"2025-04-25T15:41:10.075Z"}
{"level":"info","message":"New socket connection: D9HFe1DxLMhi-ynSAAAB","timestamp":"2025-04-25T15:41:11.500Z"}
{"level":"warn","message":"Room capacity exceeded: 680b884459612c2ba67bd3f7","timestamp":"2025-04-25T15:41:11.537Z"}
{"level":"info","message":"User Garvit Gupta disconnected","timestamp":"2025-04-25T15:41:56.916Z"}
{"level":"info","message":"New socket connection: KoPI4z0SmiDfP7HYAAAD","timestamp":"2025-04-25T15:42:00.978Z"}
{"level":"warn","message":"Room capacity exceeded: 680b884459612c2ba67bd3f7","timestamp":"2025-04-25T15:42:10.381Z"}
{"level":"warn","message":"Room capacity exceeded: 680b884459612c2ba67bd3f7","timestamp":"2025-04-25T15:42:10.512Z"}
{"level":"warn","message":"Room capacity exceeded: 680b884459612c2ba67bd3f7","timestamp":"2025-04-25T15:42:10.782Z"}
{"level":"info","message":"New socket connection: rjctSzsUDKXcsovkAAAF","timestamp":"2025-04-25T15:42:36.080Z"}
{"level":"info","message":"User Garvit Gupta disconnected","timestamp":"2025-04-25T15:43:23.884Z"}
{"level":"info","message":"New socket connection: KZlz80YqMoZtkUcOAAAH","timestamp":"2025-04-25T15:43:26.526Z"}
{"level":"warn","message":"Room capacity exceeded: 680b884459612c2ba67bd3f7","timestamp":"2025-04-25T15:43:50.090Z"}
{"level":"warn","message":"Room capacity exceeded: 680b884459612c2ba67bd3f7","timestamp":"2025-04-25T15:43:50.293Z"}
{"level":"warn","message":"Room capacity exceeded: 680b884459612c2ba67bd3f7","timestamp":"2025-04-25T15:43:50.564Z"}
{"level":"info","message":"User Garvit Gupta disconnected","timestamp":"2025-04-25T15:44:01.117Z"}
{"level":"info","message":"Server running on port 3001","timestamp":"2025-04-25T15:46:03.524Z"}
{"level":"info","message":"Server running on port 3001","timestamp":"2025-04-25T15:46:04.859Z"}
{"level":"info","message":"New socket connection: dBGTzlBDTdCPaGuuAAAB","timestamp":"2025-04-25T15:46:07.104Z"}
{"level":"warn","message":"Room capacity exceeded: 680b884459612c2ba67bd3f7","timestamp":"2025-04-25T15:46:07.148Z"}
{"level":"info","message":"New socket connection: U38UiCh0ii_OIqBNAAAD","timestamp":"2025-04-25T15:46:11.550Z"}
{"level":"info","message":"User Garvit Gupta disconnected","timestamp":"2025-04-25T15:46:41.400Z"}
{"level":"info","message":"User Garvit Gupta disconnected","timestamp":"2025-04-25T15:46:41.478Z"}
{"level":"info","message":"New socket connection: Y59PwSpeF5QubWd4AAAF","timestamp":"2025-04-25T16:42:28.804Z"}
{"level":"info","message":"User Garvit Gupta disconnected","timestamp":"2025-04-25T16:44:01.287Z"}
{"level":"info","message":"New socket connection: eUJpJOEMSlMeumBOAAAH","timestamp":"2025-04-25T16:44:02.420Z"}
{"level":"warn","message":"Room capacity exceeded: 680b884459612c2ba67bd3f7","timestamp":"2025-04-25T16:44:05.758Z"}
{"level":"warn","message":"Room capacity exceeded: 680b884459612c2ba67bd3f7","timestamp":"2025-04-25T16:44:05.926Z"}
{"level":"warn","message":"Room capacity exceeded: 680b884459612c2ba67bd3f7","timestamp":"2025-04-25T16:44:06.124Z"}
{"level":"info","message":"User Garvit Gupta disconnected","timestamp":"2025-04-25T16:51:35.690Z"}
{"level":"info","message":"New socket connection: kDxiT3XKPlOPF0UkAAAJ","timestamp":"2025-04-25T16:51:36.729Z"}
{"level":"info","message":"User Garvit Gupta disconnected","timestamp":"2025-04-25T16:52:01.633Z"}
{"level":"info","message":"New socket connection: cr0FNj9b50NM_sE-AAAL","timestamp":"2025-04-25T16:52:01.729Z"}
{"level":"warn","message":"Room capacity exceeded: 680b884459612c2ba67bd3f7","timestamp":"2025-04-25T16:52:07.359Z"}
{"level":"warn","message":"Room capacity exceeded: 680b884459612c2ba67bd3f7","timestamp":"2025-04-25T16:52:07.508Z"}
{"level":"warn","message":"Room capacity exceeded: 680b884459612c2ba67bd3f7","timestamp":"2025-04-25T16:52:07.789Z"}
{"level":"info","message":"Server running on port 3001","timestamp":"2025-04-25T16:53:11.915Z"}
{"level":"info","message":"Server running on port 3001","timestamp":"2025-04-25T16:53:12.929Z"}
{"level":"info","message":"Server running on port 3001","timestamp":"2025-04-25T16:53:14.748Z"}
{"level":"info","message":"Server running on port 3001","timestamp":"2025-04-25T16:53:15.872Z"}
{"level":"info","message":"New socket connection: Lu2FjIRGx7XRtxlIAAAB","timestamp":"2025-04-25T16:53:17.572Z"}
{"level":"warn","message":"Room capacity exceeded: 680b884459612c2ba67bd3f7","timestamp":"2025-04-25T16:53:20.138Z"}
{"level":"warn","message":"Room capacity exceeded: 680b884459612c2ba67bd3f7","timestamp":"2025-04-25T16:53:20.331Z"}
{"level":"warn","message":"Room capacity exceeded: 680b884459612c2ba67bd3f7","timestamp":"2025-04-25T16:53:20.614Z"}
{"level":"warn","message":"Room capacity exceeded: 680b884459612c2ba67bd3f7","timestamp":"2025-04-25T16:53:50.732Z"}
{"level":"warn","message":"Room capacity exceeded: 680b884459612c2ba67bd3f7","timestamp":"2025-04-25T16:53:50.944Z"}
{"level":"warn","message":"Room capacity exceeded: 680b884459612c2ba67bd3f7","timestamp":"2025-04-25T16:53:51.241Z"}
{"level":"info","message":"Server running on port 3001","timestamp":"2025-04-25T16:54:02.281Z"}
{"level":"info","message":"New socket connection: s_-kYRlIdl7t46T_AAAB","timestamp":"2025-04-25T16:54:04.067Z"}
{"level":"warn","message":"Room capacity exceeded: 680b884459612c2ba67bd3f7","timestamp":"2025-04-25T16:54:04.118Z"}
{"level":"info","message":"New socket connection: 9ZzoFCguGc6dJazkAAAD","timestamp":"2025-04-25T16:54:08.824Z"}
{"level":"warn","message":"Room capacity exceeded: 680b884459612c2ba67bd3f7","timestamp":"2025-04-25T16:54:11.628Z"}
{"level":"warn","message":"Room capacity exceeded: 680b884459612c2ba67bd3f7","timestamp":"2025-04-25T16:54:11.800Z"}
{"level":"warn","message":"Room capacity exceeded: 680b884459612c2ba67bd3f7","timestamp":"2025-04-25T16:54:11.928Z"}
{"level":"info","message":"User Garvit Gupta disconnected","timestamp":"2025-04-25T17:03:59.315Z"}
{"level":"info","message":"New socket connection: e0HPW3_33g-b6zo7AAAF","timestamp":"2025-04-25T17:04:00.766Z"}
{"level":"warn","message":"Room capacity exceeded: 680b884459612c2ba67bd3f7","timestamp":"2025-04-25T17:04:03.994Z"}
{"level":"warn","message":"Room capacity exceeded: 680b884459612c2ba67bd3f7","timestamp":"2025-04-25T17:04:04.241Z"}
{"level":"warn","message":"Room capacity exceeded: 680b884459612c2ba67bd3f7","timestamp":"2025-04-25T17:04:04.487Z"}
{"level":"warn","message":"Room capacity exceeded: 680b884459612c2ba67bd3f7","timestamp":"2025-04-25T17:04:26.865Z"}
{"level":"warn","message":"Room capacity exceeded: 680b884459612c2ba67bd3f7","timestamp":"2025-04-25T17:04:27.042Z"}
{"level":"warn","message":"Room capacity exceeded: 680b884459612c2ba67bd3f7","timestamp":"2025-04-25T17:04:27.197Z"}
{"level":"info","message":"Server running on port 3001","timestamp":"2025-04-25T17:31:46.618Z"}
{"level":"info","message":"New socket connection: wEky7EadoWcJE-d2AAAB","timestamp":"2025-04-25T17:31:58.838Z"}
{"level":"warn","message":"Room capacity exceeded: 680b884459612c2ba67bd3f7","timestamp":"2025-04-25T17:32:02.724Z"}
{"level":"warn","message":"Room capacity exceeded: 680b884459612c2ba67bd3f7","timestamp":"2025-04-25T17:32:03.139Z"}
{"level":"warn","message":"Room capacity exceeded: 680b884459612c2ba67bd3f7","timestamp":"2025-04-25T17:32:03.153Z"}
{"level":"warn","message":"Room capacity exceeded: 680b884459612c2ba67bd3f7","timestamp":"2025-04-25T17:32:43.918Z"}
{"level":"warn","message":"Room capacity exceeded: 680b884459612c2ba67bd3f7","timestamp":"2025-04-25T17:32:43.931Z"}
{"error":"CodeSession is not defined","level":"error","message":"Error updating code","timestamp":"2025-04-25T17:32:44.657Z"}
{"error":"CodeSession is not defined","level":"error","message":"Error updating code","timestamp":"2025-04-25T17:32:44.828Z"}
{"error":"CodeSession is not defined","level":"error","message":"Error updating code","timestamp":"2025-04-25T17:32:47.830Z"}
{"error":"CodeSession is not defined","level":"error","message":"Error updating code","timestamp":"2025-04-25T17:32:49.597Z"}
{"error":"CodeSession is not defined","level":"error","message":"Error updating code","timestamp":"2025-04-25T17:32:49.647Z"}
{"error":"CodeSession is not defined","level":"error","message":"Error updating code","timestamp":"2025-04-25T17:32:49.651Z"}
{"error":"CodeSession is not defined","level":"error","message":"Error updating code","timestamp":"2025-04-25T17:32:49.747Z"}
{"error":"CodeSession is not defined","level":"error","message":"Error updating code","timestamp":"2025-04-25T17:32:49.824Z"}
{"error":"CodeSession is not defined","level":"error","message":"Error updating code","timestamp":"2025-04-25T17:32:49.854Z"}
{"error":"CodeSession is not defined","level":"error","message":"Error updating code","timestamp":"2025-04-25T17:32:49.857Z"}
{"error":"CodeSession is not defined","level":"error","message":"Error updating code","timestamp":"2025-04-25T17:32:49.955Z"}
{"error":"CodeSession is not defined","level":"error","message":"Error updating code","timestamp":"2025-04-25T17:32:50.018Z"}
{"error":"CodeSession is not defined","level":"error","message":"Error updating code","timestamp":"2025-04-25T17:32:50.139Z"}
{"error":"CodeSession is not defined","level":"error","message":"Error updating code","timestamp":"2025-04-25T17:32:50.307Z"}
{"error":"CodeSession is not defined","level":"error","message":"Error updating code","timestamp":"2025-04-25T17:32:50.348Z"}
{"error":"CodeSession is not defined","level":"error","message":"Error updating code","timestamp":"2025-04-25T17:32:56.669Z"}
{"level":"warn","message":"Room capacity exceeded: 680b884459612c2ba67bd3f7","timestamp":"2025-04-25T17:33:08.025Z"}
{"level":"warn","message":"Room capacity exceeded: 680b884459612c2ba67bd3f7","timestamp":"2025-04-25T17:33:08.279Z"}
{"level":"info","message":"User Garvit Gupta disconnected","timestamp":"2025-04-25T17:52:07.649Z"}
{"level":"info","message":"New socket connection: 0smvUyEHx5H8rHgmAAAD","timestamp":"2025-04-25T17:54:09.216Z"}
{"level":"warn","message":"Room capacity exceeded: 680b884459612c2ba67bd3f7","timestamp":"2025-04-25T17:54:09.629Z"}
{"level":"info","message":"User Garvit Gupta disconnected","timestamp":"2025-04-25T17:54:11.710Z"}
{"level":"info","message":"Server running on port 3001","timestamp":"2025-04-25T17:59:21.015Z"}
{"level":"info","message":"New socket connection: c1g8tgNNlfHH9L_XAAAB","timestamp":"2025-04-25T18:00:12.360Z"}
{"level":"warn","message":"Room capacity exceeded: 680b884459612c2ba67bd3f7","timestamp":"2025-04-25T18:00:20.873Z"}
{"level":"warn","message":"Room capacity exceeded: 680b884459612c2ba67bd3f7","timestamp":"2025-04-25T18:00:24.058Z"}
{"level":"warn","message":"Room capacity exceeded: 680b884459612c2ba67bd3f7","timestamp":"2025-04-25T18:00:24.071Z"}
{"level":"info","message":"User Garvit Gupta disconnected","timestamp":"2025-04-25T18:05:22.385Z"}
{"level":"info","message":"New socket connection: 4tOUUwhfmH_Xa4sMAAAD","timestamp":"2025-04-25T18:09:11.032Z"}
{"level":"info","message":"User Garvit Gupta disconnected","timestamp":"2025-04-25T18:10:36.037Z"}
{"level":"info","message":"New socket connection: OZi4W_yLRGFt4sy5AAAF","timestamp":"2025-04-25T18:14:11.893Z"}
{"level":"warn","message":"Room capacity exceeded: 680b884459612c2ba67bd3f7","timestamp":"2025-04-25T18:14:14.849Z"}
{"level":"warn","message":"Room capacity exceeded: 680b884459612c2ba67bd3f7","timestamp":"2025-04-25T18:14:15.107Z"}
{"level":"warn","message":"Room capacity exceeded: 680b884459612c2ba67bd3f7","timestamp":"2025-04-25T18:14:15.125Z"}
{"level":"info","message":"User Garvit Gupta disconnected","timestamp":"2025-04-25T18:14:50.233Z"}
{"level":"info","message":"New socket connection: k3tOnIq20f3bdIpVAAAH","timestamp":"2025-04-25T18:14:51.292Z"}
{"level":"warn","message":"Room capacity exceeded: 680b884459612c2ba67bd3f7","timestamp":"2025-04-25T18:14:53.128Z"}
{"level":"warn","message":"Room capacity exceeded: 680b884459612c2ba67bd3f7","timestamp":"2025-04-25T18:14:53.427Z"}
{"level":"warn","message":"Room capacity exceeded: 680b884459612c2ba67bd3f7","timestamp":"2025-04-25T18:14:53.465Z"}
{"level":"warn","message":"Room capacity exceeded: 680b23d9e07fc1d25609d7f2","timestamp":"2025-04-25T18:15:11.126Z"}
{"level":"warn","message":"Room capacity exceeded: 680b23d9e07fc1d25609d7f2","timestamp":"2025-04-25T18:15:11.317Z"}
{"level":"warn","message":"Room capacity exceeded: 680b23d9e07fc1d25609d7f2","timestamp":"2025-04-25T18:15:11.637Z"}
{"error":"Room validation failed: members.2.user: Path `user` is required.","level":"error","message":"Error joining room","roomId":"680b884459612c2ba67bd3f7","timestamp":"2025-04-25T18:16:09.819Z"}
{"error":"Room validation failed: members.2.user: Path `user` is required.","level":"error","message":"Error joining room","roomId":"680b884459612c2ba67bd3f7","timestamp":"2025-04-25T18:16:09.950Z"}
{"error":"Room validation failed: members.2.user: Path `user` is required.","level":"error","message":"Error joining room","roomId":"680b884459612c2ba67bd3f7","timestamp":"2025-04-25T18:16:10.313Z"}
{"error":"Room validation failed: members.3.user: Path `user` is required.","level":"error","message":"Error joining room","roomId":"680b884459612c2ba67bd3f7","timestamp":"2025-04-25T18:16:49.225Z"}
{"error":"Room validation failed: members.3.user: Path `user` is required.","level":"error","message":"Error joining room","roomId":"680b884459612c2ba67bd3f7","timestamp":"2025-04-25T18:16:49.320Z"}
{"error":"Room validation failed: members.3.user: Path `user` is required.","level":"error","message":"Error joining room","roomId":"680b884459612c2ba67bd3f7","timestamp":"2025-04-25T18:16:49.950Z"}
{"error":"Room validation failed: members.4.user: Path `user` is required.","level":"error","message":"Error joining room","roomId":"680b884459612c2ba67bd3f7","timestamp":"2025-04-25T18:17:16.300Z"}
{"error":"Room validation failed: members.4.user: Path `user` is required.","level":"error","message":"Error joining room","roomId":"680b884459612c2ba67bd3f7","timestamp":"2025-04-25T18:17:16.435Z"}
{"error":"Room validation failed: members.4.user: Path `user` is required.","level":"error","message":"Error joining room","roomId":"680b884459612c2ba67bd3f7","timestamp":"2025-04-25T18:17:16.783Z"}
{"level":"info","message":"User Garvit Gupta disconnected","timestamp":"2025-04-25T18:20:26.228Z"}
{"level":"info","message":"New socket connection: rl_5IZ9iGtTKbzO1AAAJ","timestamp":"2025-04-25T18:24:17.086Z"}
{"error":"Room validation failed: members.4.user: Path `user` is required.","level":"error","message":"Error joining room","roomId":"680b884459612c2ba67bd3f7","timestamp":"2025-04-25T18:24:17.170Z"}
{"level":"info","message":"User Garvit Gupta disconnected","timestamp":"2025-04-25T18:25:42.077Z"}
{"level":"info","message":"New socket connection: oVLwOtG0CBhwyclYAAAL","timestamp":"2025-04-25T18:29:26.034Z"}
{"error":"Room validation failed: members.4.user: Path `user` is required.","level":"error","message":"Error joining room","roomId":"680b884459612c2ba67bd3f7","timestamp":"2025-04-25T18:29:26.126Z"}
{"level":"info","message":"User Garvit Gupta disconnected","timestamp":"2025-04-25T18:30:51.034Z"}
{"level":"info","message":"New socket connection: WPxGJJN2XY_yYRIeAAAN","timestamp":"2025-04-25T18:34:36.070Z"}
{"error":"Room validation failed: members.4.user: Path `user` is required.","level":"error","message":"Error joining room","roomId":"680b884459612c2ba67bd3f7","timestamp":"2025-04-25T18:34:36.334Z"}
{"level":"info","message":"User Garvit Gupta disconnected","timestamp":"2025-04-25T18:36:01.068Z"}
{"level":"info","message":"New socket connection: PTKf68k22XnKextHAAAP","timestamp":"2025-04-25T18:39:46.059Z"}
{"error":"Room validation failed: members.4.user: Path `user` is required.","level":"error","message":"Error joining room","roomId":"680b884459612c2ba67bd3f7","timestamp":"2025-04-25T18:39:46.158Z"}
{"level":"info","message":"User Garvit Gupta disconnected","timestamp":"2025-04-25T18:41:11.083Z"}
{"level":"info","message":"New socket connection: lukdslgqLWQ13tqUAAAR","timestamp":"2025-04-25T18:43:09.328Z"}
{"error":"Room validation failed: members.4.user: Path `user` is required.","level":"error","message":"Error joining room","roomId":"680b884459612c2ba67bd3f7","timestamp":"2025-04-25T18:43:09.424Z"}
{"error":"Room validation failed: members.5.user: Path `user` is required.","level":"error","message":"Error joining room","roomId":"680b884459612c2ba67bd3f7","timestamp":"2025-04-25T18:43:17.959Z"}
{"error":"Room validation failed: members.5.user: Path `user` is required.","level":"error","message":"Error joining room","roomId":"680b884459612c2ba67bd3f7","timestamp":"2025-04-25T18:43:18.270Z"}
{"error":"Room validation failed: members.5.user: Path `user` is required.","level":"error","message":"Error joining room","roomId":"680b884459612c2ba67bd3f7","timestamp":"2025-04-25T18:43:18.761Z"}
{"level":"info","message":"User Garvit Gupta disconnected","timestamp":"2025-04-25T19:15:50.213Z"}
{"level":"info","message":"New socket connection: IElKaJFskpKHwZ3rAAAT","timestamp":"2025-04-25T19:19:45.080Z"}
{"level":"info","message":"User Garvit Gupta disconnected","timestamp":"2025-04-25T19:21:10.080Z"}
{"level":"info","message":"New socket connection: iM0HwUCKAwqrzFJoAAAV","timestamp":"2025-04-25T19:24:54.028Z"}
{"level":"info","message":"User Garvit Gupta disconnected","timestamp":"2025-04-25T19:26:19.056Z"}
{"level":"info","message":"New socket connection: Yh7i-7QuKr7zqjUhAAAX","timestamp":"2025-04-25T19:30:04.018Z"}
{"level":"info","message":"User Garvit Gupta disconnected","timestamp":"2025-04-25T19:31:29.046Z"}
{"level":"info","message":"New socket connection: P9F0tkq7OCKWSusuAAAZ","timestamp":"2025-04-25T19:35:15.027Z"}
{"level":"info","message":"User Garvit Gupta disconnected","timestamp":"2025-04-25T19:36:40.051Z"}
{"level":"info","message":"New socket connection: QgvkZh73wfwSCrhrAAAb","timestamp":"2025-04-25T19:40:24.018Z"}
{"level":"info","message":"User Garvit Gupta disconnected","timestamp":"2025-04-25T19:41:49.030Z"}
{"level":"info","message":"New socket connection: VkttIFDDHuMbRSC9AAAd","timestamp":"2025-04-25T19:45:35.033Z"}
{"level":"info","message":"User Garvit Gupta disconnected","timestamp":"2025-04-25T19:47:00.053Z"}
{"level":"info","message":"New socket connection: 0eRuMNCwfwj746zZAAAf","timestamp":"2025-04-25T19:48:19.017Z"}
{"error":"Room validation failed: members.6.user: Path `user` is required.","level":"error","message":"Error joining room","roomId":"680b884459612c2ba67bd3f7","timestamp":"2025-04-25T19:48:21.054Z"}
{"error":"Room validation failed: members.6.user: Path `user` is required.","level":"error","message":"Error joining room","roomId":"680b884459612c2ba67bd3f7","timestamp":"2025-04-25T19:48:21.487Z"}
{"error":"Room validation failed: members.6.user: Path `user` is required.","level":"error","message":"Error joining room","roomId":"680b884459612c2ba67bd3f7","timestamp":"2025-04-25T19:48:21.492Z"}
{"level":"info","message":"New socket connection: 2m_VJwFnmGHJ7aR_AAAh","timestamp":"2025-04-25T19:50:44.029Z"}
{"level":"info","message":"User Garvit Gupta disconnected","timestamp":"2025-04-25T19:52:09.044Z"}
{"level":"info","message":"New socket connection: tlJQ5xb_sUNuc_sJAAAj","timestamp":"2025-04-25T19:55:55.045Z"}
{"level":"info","message":"User Garvit Gupta disconnected","timestamp":"2025-04-25T19:57:20.053Z"}
{"level":"info","message":"New socket connection: gJv6FZVDkGqj5jx4AAAl","timestamp":"2025-04-25T20:01:04.031Z"}
{"level":"info","message":"User Garvit Gupta disconnected","timestamp":"2025-04-25T20:02:29.045Z"}
{"level":"info","message":"User Garvit Gupta disconnected","timestamp":"2025-04-25T20:03:33.314Z"}
{"level":"info","message":"New socket connection: PIYXN_u3YHoC5MZIAAAn","timestamp":"2025-04-25T20:15:36.168Z"}
{"level":"info","message":"Server running on port 3001","timestamp":"2025-04-25T23:04:36.364Z"}
{"level":"info","message":"Server running on port 3001","timestamp":"2025-04-25T23:04:48.417Z"}
{"level":"info","message":"New socket connection: pM41_quEpSJRRYr_AAAB","timestamp":"2025-04-25T23:04:49.223Z"}
{"error":"Room validation failed: members.4.user: Path `user` is required.","level":"error","message":"Error joining room","roomId":"680c10cc1eabaf3f75e522fb","timestamp":"2025-04-25T23:04:49.414Z"}
{"level":"info","message":"Server running on port 3001","timestamp":"2025-04-25T23:05:38.086Z"}
{"level":"info","message":"New socket connection: mnSHw1zldTmqeRxFAAAB","timestamp":"2025-04-25T23:05:38.775Z"}
{"level":"info","message":"User Garvit Gupta joined room 680c10cc1eabaf3f75e522fb","timestamp":"2025-04-25T23:05:38.973Z"}
{"level":"info","message":"User Garvit Gupta disconnected","timestamp":"2025-04-25T23:05:43.039Z"}
{"level":"info","message":"New socket connection: ukqQC58apGp9gyGEAAAD","timestamp":"2025-04-25T23:05:43.981Z"}
{"level":"info","message":"User Garvit Gupta joined room 680c10cc1eabaf3f75e522fb","timestamp":"2025-04-25T23:05:47.047Z"}
{"level":"info","message":"User Garvit Gupta joined room 680c10cc1eabaf3f75e522fb","timestamp":"2025-04-25T23:05:47.274Z"}
{"level":"info","message":"User Garvit Gupta joined room 680c10cc1eabaf3f75e522fb","timestamp":"2025-04-25T23:05:47.378Z"}
{"level":"info","message":"User Garvit Gupta joined room 680c10cc1eabaf3f75e522fb","timestamp":"2025-04-25T23:06:11.513Z"}
{"level":"info","message":"User Garvit Gupta joined room 680c10cc1eabaf3f75e522fb","timestamp":"2025-04-25T23:06:28.599Z"}
{"level":"info","message":"User Garvit Gupta joined room 680c10cc1eabaf3f75e522fb","timestamp":"2025-04-25T23:06:28.802Z"}
{"level":"info","message":"User Garvit Gupta joined room 680c10cc1eabaf3f75e522fb","timestamp":"2025-04-25T23:06:28.998Z"}
{"level":"info","message":"User Garvit Gupta joined room 680c10cc1eabaf3f75e522fb","timestamp":"2025-04-25T23:06:40.701Z"}
{"level":"info","message":"New socket connection: 1f8hNsDhMbpO1E62AAAH","timestamp":"2025-04-25T23:07:37.023Z"}
{"level":"info","message":"New socket connection: YA_XHjYs3WMSQtElAAAF","timestamp":"2025-04-25T23:07:37.028Z"}
{"level":"warn","message":"Room capacity exceeded: 680b884459612c2ba67bd3f7","timestamp":"2025-04-25T23:07:37.102Z"}
{"level":"info","message":"User Garvit Gupta disconnected","timestamp":"2025-04-25T23:09:02.027Z"}
{"level":"info","message":"User Garvit Gupta disconnected","timestamp":"2025-04-25T23:09:02.045Z"}
{"level":"info","message":"User Garvit Gupta joined room 680c10cc1eabaf3f75e522fb","timestamp":"2025-04-25T23:10:27.504Z"}
{"level":"info","message":"User Garvit Gupta joined room 680c10cc1eabaf3f75e522fb","timestamp":"2025-04-25T23:10:27.550Z"}
{"level":"info","message":"User Garvit Gupta joined room 680c10cc1eabaf3f75e522fb","timestamp":"2025-04-25T23:10:27.913Z"}
{"level":"info","message":"New socket connection: o4JCQf5ZaURg6Xb6AAAJ","timestamp":"2025-04-25T23:12:47.119Z"}
{"level":"info","message":"New socket connection: KKVyih10PRUUT98dAAAL","timestamp":"2025-04-25T23:12:47.138Z"}
{"level":"warn","message":"Room capacity exceeded: 680b884459612c2ba67bd3f7","timestamp":"2025-04-25T23:12:47.190Z"}
{"level":"info","message":"User Garvit Gupta disconnected","timestamp":"2025-04-25T23:14:12.015Z"}
{"level":"info","message":"User Garvit Gupta disconnected","timestamp":"2025-04-25T23:14:12.054Z"}
{"level":"info","message":"User Garvit Gupta disconnected","timestamp":"2025-04-25T23:16:31.733Z"}
{"level":"info","message":"New socket connection: S3xLV8lUezs07vnxAAAN","timestamp":"2025-04-25T23:16:32.735Z"}
{"level":"info","message":"User Garvit Gupta joined room 680c10cc1eabaf3f75e522fb","timestamp":"2025-04-25T23:16:39.797Z"}
{"level":"info","message":"User Garvit Gupta joined room 680c10cc1eabaf3f75e522fb","timestamp":"2025-04-25T23:16:39.957Z"}
{"level":"info","message":"User Garvit Gupta joined room 680c10cc1eabaf3f75e522fb","timestamp":"2025-04-25T23:16:40.140Z"}
{"level":"info","message":"Server running on port 3001","timestamp":"2025-04-25T23:17:25.372Z"}
{"level":"info","message":"New socket connection: 9anJ2QJlFz3vc5h4AAAB","timestamp":"2025-04-25T23:17:25.956Z"}
{"level":"info","message":"Server running on port 3001","timestamp":"2025-04-25T23:17:28.607Z"}
{"level":"info","message":"New socket connection: 623Hz7i8vYLScUq2AAAB","timestamp":"2025-04-25T23:17:29.233Z"}
{"level":"info","message":"New socket connection: 79MqLSDtr2CcDP5VAAAD","timestamp":"2025-04-25T23:17:57.004Z"}
{"level":"info","message":"New socket connection: VVAYTiQJUR1x6tl9AAAF","timestamp":"2025-04-25T23:17:57.016Z"}
{"level":"warn","message":"Room capacity exceeded: 680b884459612c2ba67bd3f7","timestamp":"2025-04-25T23:17:57.044Z"}
{"level":"info","message":"User Garvit Gupta disconnected","timestamp":"2025-04-25T23:19:22.026Z"}
{"level":"info","message":"User Garvit Gupta disconnected","timestamp":"2025-04-25T23:19:22.029Z"}
{"level":"info","message":"User Garvit Gupta joined room 680c10cc1eabaf3f75e522fb","timestamp":"2025-04-25T23:19:44.438Z"}
{"level":"info","message":"User Garvit Gupta joined room 680c10cc1eabaf3f75e522fb","timestamp":"2025-04-25T23:19:44.583Z"}
{"level":"info","message":"User Garvit Gupta joined room 680c10cc1eabaf3f75e522fb","timestamp":"2025-04-25T23:19:44.876Z"}
{"level":"warn","message":"Room capacity exceeded: 680c10cc1eabaf3f75e522fb","timestamp":"2025-04-25T23:21:46.622Z"}
{"level":"warn","message":"Room capacity exceeded: 680c10cc1eabaf3f75e522fb","timestamp":"2025-04-25T23:21:46.775Z"}
{"level":"warn","message":"Room capacity exceeded: 680c10cc1eabaf3f75e522fb","timestamp":"2025-04-25T23:21:46.948Z"}
{"level":"info","message":"User Garvit Gupta joined room 680c1924a32cfc856b55e4b6","timestamp":"2025-04-25T23:22:12.656Z"}
{"level":"info","message":"User Garvit Gupta joined room 680c1924a32cfc856b55e4b6","timestamp":"2025-04-25T23:22:12.822Z"}
{"level":"info","message":"User Garvit Gupta joined room 680c1924a32cfc856b55e4b6","timestamp":"2025-04-25T23:22:48.077Z"}
{"level":"info","message":"User Garvit Gupta joined room 680c1924a32cfc856b55e4b6","timestamp":"2025-04-25T23:22:48.239Z"}
{"level":"info","message":"User Garvit Gupta joined room 680c1924a32cfc856b55e4b6","timestamp":"2025-04-25T23:22:48.386Z"}
{"level":"info","message":"New socket connection: cgDFrK50UaDc5dfhAAAH","timestamp":"2025-04-25T23:23:06.990Z"}
{"level":"info","message":"New socket connection: ZqSxhu6gGgPu8fwdAAAJ","timestamp":"2025-04-25T23:23:07.006Z"}
{"level":"warn","message":"Room capacity exceeded: 680b884459612c2ba67bd3f7","timestamp":"2025-04-25T23:23:07.054Z"}
{"level":"info","message":"User Garvit Gupta disconnected","timestamp":"2025-04-25T23:24:32.017Z"}
{"level":"info","message":"User Garvit Gupta disconnected","timestamp":"2025-04-25T23:24:32.024Z"}
{"level":"info","message":"User Garvit Gupta joined room 680c1924a32cfc856b55e4b6","timestamp":"2025-04-25T23:27:05.794Z"}
{"level":"info","message":"User Garvit Gupta joined room 680c1924a32cfc856b55e4b6","timestamp":"2025-04-25T23:27:05.815Z"}
{"level":"info","message":"New socket connection: _SgnSdMJVrBdYhuBAAAL","timestamp":"2025-04-25T23:28:16.989Z"}
{"level":"info","message":"New socket connection: xOkooO3xlh0QVnAnAAAN","timestamp":"2025-04-25T23:28:17.002Z"}
{"level":"warn","message":"Room capacity exceeded: 680b884459612c2ba67bd3f7","timestamp":"2025-04-25T23:28:17.038Z"}
{"level":"info","message":"User Garvit Gupta disconnected","timestamp":"2025-04-25T23:29:42.001Z"}
{"level":"info","message":"User Garvit Gupta disconnected","timestamp":"2025-04-25T23:29:42.014Z"}
{"level":"info","message":"New socket connection: 1uxi078ayc3YHvhnAAAP","timestamp":"2025-04-25T23:32:00.995Z"}
{"level":"info","message":"User Garvit Gupta disconnected","timestamp":"2025-04-25T23:32:56.320Z"}
{"level":"info","message":"New socket connection: Jvlg_Zrpq1wuO3SbAAAR","timestamp":"2025-04-25T23:32:57.669Z"}
{"level":"info","message":"User Garvit Gupta disconnected","timestamp":"2025-04-25T23:35:25.574Z"}
{"level":"info","message":"New socket connection: tCDTfZaQ3CG5xhOFAAAT","timestamp":"2025-04-25T23:35:26.666Z"}
{"level":"info","message":"User Garvit Gupta disconnected","timestamp":"2025-04-25T23:35:50.931Z"}
{"level":"info","message":"New socket connection: BSmFYvYX3HDdgQfPAAAV","timestamp":"2025-04-25T23:36:46.237Z"}
{"level":"info","message":"User Garvit Gupta disconnected","timestamp":"2025-04-25T23:37:48.391Z"}
{"level":"info","message":"New socket connection: QbcHDxoluMkhAwkYAAAX","timestamp":"2025-04-25T23:37:49.465Z"}
{"level":"info","message":"User Garvit Gupta joined room 680c1924a32cfc856b55e4b6","timestamp":"2025-04-25T23:37:54.483Z"}
{"level":"info","message":"Server running on port 3001","timestamp":"2025-04-26T00:23:55.833Z"}
{"level":"info","message":"New socket connection: h2G8-9JWUKIY80A6AAAC","timestamp":"2025-04-26T00:24:44.297Z"}
{"level":"info","message":"New socket connection: u6vHBIzGPgyddimUAAAD","timestamp":"2025-04-26T00:24:44.306Z"}
{"level":"warn","message":"Room capacity exceeded: 67f94c0e60740bb995858da6","timestamp":"2025-04-26T00:24:47.300Z"}
{"level":"info","message":"User krishna yadav joined room 67f95f3d60740bb995858ee9","timestamp":"2025-04-26T00:24:50.473Z"}
{"level":"info","message":"User krishna yadav disconnected","timestamp":"2025-04-26T00:25:37.193Z"}
{"level":"info","message":"New socket connection: 2q9gubn6n6eKevmgAAAF","timestamp":"2025-04-26T00:25:37.647Z"}
{"level":"warn","message":"Room capacity exceeded: 67f6e9759400d5da64e55b01","timestamp":"2025-04-26T00:25:39.672Z"}
{"level":"info","message":"User krishna yadav disconnected","timestamp":"2025-04-26T00:26:55.798Z"}
{"level":"info","message":"New socket connection: K2_xPVo6mx-7z_yQAAAH","timestamp":"2025-04-26T00:26:56.244Z"}
{"level":"warn","message":"Room capacity exceeded: 67f6e9759400d5da64e55b01","timestamp":"2025-04-26T00:26:57.480Z"}
{"level":"info","message":"User krishna yadav disconnected","timestamp":"2025-04-26T00:27:06.681Z"}
{"level":"info","message":"New socket connection: BDQ7zjmiQg_unYwHAAAJ","timestamp":"2025-04-26T00:27:07.225Z"}
{"level":"info","message":"User krishna yadav disconnected","timestamp":"2025-04-26T00:27:09.182Z"}
{"level":"info","message":"New socket connection: AejdGA-_J0R7JbM1AAAL","timestamp":"2025-04-26T00:27:09.628Z"}
{"level":"info","message":"User krishna yadav joined room 67f95f3960740bb995858ee6","timestamp":"2025-04-26T00:27:11.741Z"}
{"level":"info","message":"User krishna yadav joined room 67f95f3960740bb995858ee6","timestamp":"2025-04-26T00:27:21.918Z"}
{"level":"info","message":"User krishna yadav joined room 67f95f3960740bb995858ee6","timestamp":"2025-04-26T00:27:21.939Z"}
{"level":"info","message":"Code updated in room 67f95f3960740bb995858ee6","timestamp":"2025-04-26T00:27:22.228Z"}
{"level":"info","message":"Code updated in room 67f95f3960740bb995858ee6","timestamp":"2025-04-26T00:27:22.229Z"}
{"level":"info","message":"User krishna yadav disconnected","timestamp":"2025-04-26T00:28:16.739Z"}
{"level":"info","message":"New socket connection: sMuoXR2Bc_em6m3qAAAN","timestamp":"2025-04-26T00:28:17.104Z"}
{"level":"warn","message":"Room capacity exceeded: 67f6e9759400d5da64e55b01","timestamp":"2025-04-26T00:28:18.262Z"}
{"level":"warn","message":"Room capacity exceeded: 67f6e9759400d5da64e55b01","timestamp":"2025-04-26T00:30:21.272Z"}
{"level":"warn","message":"Room capacity exceeded: 67f6e9759400d5da64e55b01","timestamp":"2025-04-26T00:30:21.281Z"}
{"level":"info","message":"Server running on port 3001","timestamp":"2025-04-26T00:36:08.535Z"}
{"level":"info","message":"New socket connection: eIc1id70PnJMsrUMAAAB","timestamp":"2025-04-26T00:36:09.058Z"}
{"level":"info","message":"New socket connection: Tp0IS-eht1VaPDL_AAAD","timestamp":"2025-04-26T00:36:09.082Z"}
{"level":"warn","message":"Room capacity exceeded: 67f6e9759400d5da64e55b01","timestamp":"2025-04-26T00:36:09.132Z"}
{"level":"info","message":"Server running on port 3001","timestamp":"2025-04-26T00:36:09.905Z"}
{"level":"info","message":"New socket connection: Ijk1tQRbw_r3p-shAAAB","timestamp":"2025-04-26T00:36:11.028Z"}
{"level":"info","message":"New socket connection: 1xmgCfeVedoB_V0DAAAD","timestamp":"2025-04-26T00:36:11.032Z"}
{"level":"warn","message":"Room capacity exceeded: 67f6e9759400d5da64e55b01","timestamp":"2025-04-26T00:36:11.087Z"}
{"level":"info","message":"Server running on port 3001","timestamp":"2025-04-26T00:36:51.729Z"}
{"level":"info","message":"New socket connection: J192r3nehiKbHRdEAAAC","timestamp":"2025-04-26T00:36:53.246Z"}
{"level":"info","message":"New socket connection: 2WVRDoyDn2q6qDztAAAD","timestamp":"2025-04-26T00:36:53.268Z"}
{"level":"warn","message":"Room capacity exceeded: 67f6e9759400d5da64e55b01","timestamp":"2025-04-26T00:36:53.336Z"}
{"level":"info","message":"Server running on port 3001","timestamp":"2025-04-26T00:40:19.728Z"}
{"level":"info","message":"Server running on port 3001","timestamp":"2025-04-26T00:40:21.195Z"}
{"level":"info","message":"New socket connection: 2px9tqfYi8MloeNlAAAB","timestamp":"2025-04-26T00:40:21.710Z"}
{"level":"info","message":"New socket connection: IpXR-EqcReDTYueEAAAD","timestamp":"2025-04-26T00:40:21.749Z"}
{"level":"warn","message":"Room capacity exceeded: 67f6e9759400d5da64e55b01","timestamp":"2025-04-26T00:40:21.827Z"}
{"level":"info","message":"Server running on port 3001","timestamp":"2025-04-26T00:40:25.718Z"}
{"level":"info","message":"Server running on port 3001","timestamp":"2025-04-26T00:40:27.715Z"}
{"level":"info","message":"New socket connection: qtWpwTt1NV5daHF3AAAB","timestamp":"2025-04-26T00:40:28.204Z"}
{"level":"warn","message":"Room capacity exceeded: 67f6e9759400d5da64e55b01","timestamp":"2025-04-26T00:40:28.270Z"}
{"level":"info","message":"New socket connection: 1PYbS9krmaqdH6snAAAD","timestamp":"2025-04-26T00:40:29.001Z"}
{"level":"info","message":"Server running on port 3001","timestamp":"2025-04-26T00:51:27.870Z"}
{"level":"info","message":"Server running on port 3001","timestamp":"2025-04-26T00:51:30.568Z"}
{"level":"info","message":"New socket connection: PhwDLmqRIv9240KlAAAB","timestamp":"2025-04-26T00:51:48.926Z"}
{"level":"info","message":"User krishna yadav disconnected","timestamp":"2025-04-26T00:52:06.137Z"}
{"level":"info","message":"New socket connection: 0spkr3RsWe0qIxjbAAAD","timestamp":"2025-04-26T00:52:06.443Z"}
{"level":"info","message":"User krishna yadav disconnected","timestamp":"2025-04-26T00:52:54.013Z"}
{"level":"info","message":"New socket connection: U9AjKWObVna_unHpAAAF","timestamp":"2025-04-26T00:52:54.931Z"}
{"level":"info","message":"User krishna yadav disconnected","timestamp":"2025-04-26T00:52:56.098Z"}
{"level":"info","message":"New socket connection: Z7B007ALivi3DLNNAAAH","timestamp":"2025-04-26T00:52:56.910Z"}
{"level":"info","message":"User krishna yadav disconnected","timestamp":"2025-04-26T00:53:03.470Z"}
{"level":"info","message":"New socket connection: w3mwXlhxqvHm0b-HAAAJ","timestamp":"2025-04-26T00:53:03.751Z"}
{"level":"info","message":"User krishna yadav disconnected","timestamp":"2025-04-26T00:53:07.747Z"}
{"level":"info","message":"New socket connection: 387frL_-RxWlIAP6AAAL","timestamp":"2025-04-26T00:53:08.175Z"}
{"level":"warn","message":"Room capacity exceeded: 67f6e9759400d5da64e55b01","timestamp":"2025-04-26T00:53:10.222Z"}
{"level":"info","message":"User krishna yadav disconnected","timestamp":"2025-04-26T00:58:15.425Z"}
{"level":"info","message":"New socket connection: E06ry0tIN5hnNgd8AAAN","timestamp":"2025-04-26T00:58:15.730Z"}
{"level":"info","message":"User krishna yadav disconnected","timestamp":"2025-04-26T01:01:01.794Z"}
{"level":"info","message":"New socket connection: CvKaiaU1ggZzi8VvAAAQ","timestamp":"2025-04-26T01:01:01.868Z"}
{"level":"info","message":"User krishna yadav disconnected","timestamp":"2025-04-26T01:01:05.055Z"}
{"level":"info","message":"New socket connection: tIxnqAMBJ5hN19XDAAAS","timestamp":"2025-04-26T01:01:05.356Z"}
{"level":"warn","message":"Room capacity exceeded: 67f6e9759400d5da64e55b01","timestamp":"2025-04-26T01:01:11.075Z"}
{"level":"warn","message":"Room capacity exceeded: 67f6e9759400d5da64e55b01","timestamp":"2025-04-26T01:01:11.086Z"}
{"level":"warn","message":"Room capacity exceeded: 67f6e9759400d5da64e55b01","timestamp":"2025-04-26T01:01:21.589Z"}
{"level":"warn","message":"Room capacity exceeded: 67f6e9759400d5da64e55b01","timestamp":"2025-04-26T01:01:21.592Z"}
{"level":"info","message":"User krishna yadav disconnected","timestamp":"2025-04-26T01:04:12.627Z"}
{"level":"info","message":"New socket connection: YL01gr7qMSP7a6CJAAAU","timestamp":"2025-04-26T01:04:13.084Z"}
{"level":"warn","message":"Room capacity exceeded: 67f6e9759400d5da64e55b01","timestamp":"2025-04-26T01:04:19.959Z"}
{"level":"warn","message":"Room capacity exceeded: 67f6e9759400d5da64e55b01","timestamp":"2025-04-26T01:04:19.969Z"}
{"level":"warn","message":"Room capacity exceeded: 67f6e9759400d5da64e55b01","timestamp":"2025-04-26T01:04:32.448Z"}
{"level":"warn","message":"Room capacity exceeded: 67f6e9759400d5da64e55b01","timestamp":"2025-04-26T01:04:32.460Z"}
{"level":"info","message":"Code updated in room 67f6e9759400d5da64e55b01","timestamp":"2025-04-26T01:04:32.798Z"}
{"level":"info","message":"Code updated in room 67f6e9759400d5da64e55b01","timestamp":"2025-04-26T01:04:32.819Z"}
{"level":"warn","message":"Room capacity exceeded: 67f6e9759400d5da64e55b01","timestamp":"2025-04-26T01:05:33.313Z"}
{"level":"warn","message":"Room capacity exceeded: 67f6e9759400d5da64e55b01","timestamp":"2025-04-26T01:05:33.425Z"}
{"level":"info","message":"User krishna yadav disconnected","timestamp":"2025-04-26T01:12:57.653Z"}
{"level":"info","message":"New socket connection: 8jwqMlttR94e7fEpAAAW","timestamp":"2025-04-26T01:13:03.361Z"}
{"level":"info","message":"User krishna yadav disconnected","timestamp":"2025-04-26T01:13:05.410Z"}
{"level":"info","message":"New socket connection: 7bVSUvjjypYp5mZrAAAa","timestamp":"2025-04-26T01:13:05.641Z"}
{"level":"info","message":"New socket connection: t8HMtghE8JD6aeI6AAAZ","timestamp":"2025-04-26T01:13:06.718Z"}
{"level":"warn","message":"Room capacity exceeded: 67f94c0e60740bb995858da6","timestamp":"2025-04-26T01:13:06.776Z"}
{"level":"info","message":"Server running on port 3001","timestamp":"2025-04-26T01:13:44.307Z"}
{"level":"info","message":"New socket connection: P9VlZvhYXAeNGiiZAAAB","timestamp":"2025-04-26T01:13:45.824Z"}
{"level":"warn","message":"Room capacity exceeded: 67f94c0e60740bb995858da6","timestamp":"2025-04-26T01:13:45.931Z"}
{"level":"info","message":"New socket connection: vRcPmF8k3ACayATdAAAD","timestamp":"2025-04-26T01:13:47.998Z"}
{"level":"info","message":"User krishna yadav disconnected","timestamp":"2025-04-26T01:19:38.078Z"}
{"level":"info","message":"New socket connection: Q2EKVBkg6Ef37pGuAAAF","timestamp":"2025-04-26T01:19:38.477Z"}
{"level":"info","message":"User krishna yadav disconnected","timestamp":"2025-04-26T01:19:42.866Z"}
{"level":"info","message":"New socket connection: 5clYEQc4Ef7psWTkAAAH","timestamp":"2025-04-26T01:19:44.366Z"}
{"level":"info","message":"User krishna yadav disconnected","timestamp":"2025-04-26T01:20:07.165Z"}
{"level":"info","message":"New socket connection: ARztGswDOPVglytAAAAJ","timestamp":"2025-04-26T01:20:07.461Z"}
{"level":"info","message":"Server running on port 3001","timestamp":"2025-04-26T01:24:17.672Z"}
{"level":"info","message":"Server running on port 3001","timestamp":"2025-04-26T01:24:18.804Z"}
{"level":"info","message":"Server running on port 3001","timestamp":"2025-04-26T01:24:19.856Z"}
{"level":"info","message":"New socket connection: 9FsNcNKnHUQFepa_AAAB","timestamp":"2025-04-26T01:24:20.363Z"}
{"level":"info","message":"New socket connection: Lh4u9uiHgnAYoAGlAAAD","timestamp":"2025-04-26T01:24:20.385Z"}
{"level":"info","message":"Server running on port 3001","timestamp":"2025-04-26T01:28:28.303Z"}
{"level":"info","message":"New socket connection: Ws2IQ_J7AZCN8hmpAAAD","timestamp":"2025-04-26T01:28:29.063Z"}
{"level":"info","message":"New socket connection: b5Wr_zMY4PZJ9qk2AAAB","timestamp":"2025-04-26T01:28:29.188Z"}
{"level":"info","message":"Server running on port 3001","timestamp":"2025-04-26T01:29:14.244Z"}
{"level":"info","message":"New socket connection: vaKpJG7Wf1QTFHIPAAAB","timestamp":"2025-04-26T01:29:16.221Z"}
{"level":"info","message":"New socket connection: vAL0X_6ocLiZGjmNAAAD","timestamp":"2025-04-26T01:29:16.227Z"}
{"level":"info","message":"Server running on port 3001","timestamp":"2025-04-26T01:29:17.135Z"}
{"level":"info","message":"New socket connection: 0OgZvNdcWSvN5xziAAAB","timestamp":"2025-04-26T01:29:18.043Z"}
{"level":"info","message":"New socket connection: 4WSivl5pg1yaDdC2AAAD","timestamp":"2025-04-26T01:29:18.045Z"}
{"level":"info","message":"User krishna yadav disconnected","timestamp":"2025-04-26T01:29:32.553Z"}
{"level":"info","message":"New socket connection: aYWwNSJlFcwd4uBAAAAF","timestamp":"2025-04-26T01:29:32.871Z"}
{"level":"info","message":"User krishna yadav disconnected","timestamp":"2025-04-26T01:29:34.703Z"}
{"level":"info","message":"New socket connection: 3dWxxFGbz_ZN0UFKAAAH","timestamp":"2025-04-26T01:29:35.136Z"}
{"level":"info","message":"User krishna yadav disconnected","timestamp":"2025-04-26T01:29:36.169Z"}
{"level":"info","message":"New socket connection: zJTYXgQTuuxiu4QjAAAJ","timestamp":"2025-04-26T01:29:36.589Z"}
{"level":"info","message":"User krishna yadav disconnected","timestamp":"2025-04-26T01:29:37.712Z"}
{"level":"info","message":"New socket connection: Y6mk60KH-dn39PCvAAAL","timestamp":"2025-04-26T01:29:38.178Z"}
{"level":"info","message":"User krishna yadav disconnected","timestamp":"2025-04-26T01:31:48.838Z"}
{"level":"info","message":"New socket connection: s93QHZP1BtPEU6zdAAAN","timestamp":"2025-04-26T01:31:49.820Z"}
{"level":"info","message":"User krishna yadav disconnected","timestamp":"2025-04-26T01:31:50.852Z"}
{"level":"info","message":"New socket connection: zDPFJcdw-WoxiAFJAAAP","timestamp":"2025-04-26T01:31:51.672Z"}
{"level":"info","message":"User krishna yadav disconnected","timestamp":"2025-04-26T01:31:53.354Z"}
{"level":"info","message":"New socket connection: Sp9ciQq7ikE0ZMMyAAAR","timestamp":"2025-04-26T01:31:53.624Z"}
{"level":"warn","message":"Room capacity exceeded: 67f94c0e60740bb995858da6","timestamp":"2025-04-26T01:31:55.980Z"}
{"level":"warn","message":"Room capacity exceeded: 67f94c0e60740bb995858da6","timestamp":"2025-04-26T01:31:55.989Z"}
{"level":"info","message":"User krishna yadav disconnected","timestamp":"2025-04-26T01:32:00.208Z"}
{"level":"info","message":"New socket connection: 1vkEEoqo4lKk1etbAAAT","timestamp":"2025-04-26T01:32:00.495Z"}
{"level":"info","message":"User krishna yadav disconnected","timestamp":"2025-04-26T01:32:31.204Z"}
{"level":"info","message":"New socket connection: euwTKka1VcYHE1AIAAAV","timestamp":"2025-04-26T01:32:32.291Z"}
{"level":"info","message":"User krishna yadav disconnected","timestamp":"2025-04-26T01:32:36.487Z"}
{"level":"info","message":"New socket connection: w5fSweJAmGssv0PCAAAX","timestamp":"2025-04-26T01:32:36.834Z"}
{"level":"info","message":"User krishna yadav disconnected","timestamp":"2025-04-26T01:32:38.606Z"}
{"level":"info","message":"New socket connection: p_FXVGaSYNoHvkkjAAAZ","timestamp":"2025-04-26T01:32:38.971Z"}
{"level":"warn","message":"Room capacity exceeded: 67f6e9759400d5da64e55b01","timestamp":"2025-04-26T01:32:39.818Z"}
{"level":"info","message":"User krishna yadav disconnected","timestamp":"2025-04-26T01:33:09.928Z"}
{"level":"info","message":"New socket connection: Vo-lA6jREktqoJVVAAAb","timestamp":"2025-04-26T01:33:10.247Z"}
{"level":"info","message":"Server running on port 3001","timestamp":"2025-04-26T01:34:00.443Z"}
{"level":"info","message":"New socket connection: WEZblb5gP7Ogbu4MAAAB","timestamp":"2025-04-26T01:34:01.079Z"}
{"level":"info","message":"New socket connection: WVtQPBvTG_fuRSf6AAAD","timestamp":"2025-04-26T01:34:01.144Z"}
{"level":"info","message":"User krishna yadav disconnected","timestamp":"2025-04-26T01:34:29.690Z"}
{"level":"info","message":"New socket connection: LMhnCmtG8E4YKApSAAAF","timestamp":"2025-04-26T01:34:29.981Z"}
{"level":"info","message":"User krishna yadav disconnected","timestamp":"2025-04-26T01:36:04.812Z"}
{"level":"info","message":"New socket connection: 48pD_8jFySFn_xbNAAAH","timestamp":"2025-04-26T01:36:05.139Z"}
{"level":"warn","message":"Room capacity exceeded: 67f6e9759400d5da64e55b01","timestamp":"2025-04-26T01:36:12.657Z"}
{"level":"warn","message":"Room capacity exceeded: 67f6e9759400d5da64e55b01","timestamp":"2025-04-26T01:36:12.677Z"}
{"level":"info","message":"User krishna yadav disconnected","timestamp":"2025-04-26T01:36:12.900Z"}
{"level":"info","message":"New socket connection: GbQWrTHZ-HiLSIWfAAAJ","timestamp":"2025-04-26T01:36:13.341Z"}
{"level":"warn","message":"Room capacity exceeded: 67f6e9759400d5da64e55b01","timestamp":"2025-04-26T01:36:15.878Z"}
{"level":"info","message":"User krishna yadav disconnected","timestamp":"2025-04-26T01:36:24.056Z"}
{"level":"info","message":"New socket connection: CDwhdF_30O_JrkChAAAL","timestamp":"2025-04-26T01:36:24.491Z"}
{"level":"info","message":"User krishna yadav disconnected","timestamp":"2025-04-26T01:36:46.099Z"}
{"level":"info","message":"New socket connection: TA4IdPFqfPn0rcO7AAAN","timestamp":"2025-04-26T01:36:46.371Z"}
{"level":"info","message":"User krishna yadav disconnected","timestamp":"2025-04-26T01:38:58.144Z"}
{"level":"info","message":"New socket connection: HVDIoimCZZQv8a2GAAAP","timestamp":"2025-04-26T01:38:58.552Z"}
{"level":"warn","message":"Room capacity exceeded: 67f6e9759400d5da64e55b01","timestamp":"2025-04-26T01:39:00.593Z"}
{"level":"warn","message":"Room capacity exceeded: 67f6e9759400d5da64e55b01","timestamp":"2025-04-26T01:39:00.601Z"}
{"level":"info","message":"User krishna yadav disconnected","timestamp":"2025-04-26T01:39:01.859Z"}
{"level":"info","message":"New socket connection: 5cG88HE-sD8Re3qUAAAR","timestamp":"2025-04-26T01:39:02.247Z"}
{"level":"warn","message":"Room capacity exceeded: 67f6e9759400d5da64e55b01","timestamp":"2025-04-26T01:39:04.843Z"}
{"level":"info","message":"User krishna yadav disconnected","timestamp":"2025-04-26T01:39:39.202Z"}
{"level":"info","message":"New socket connection: rohHcI0DZIbXHSajAAAT","timestamp":"2025-04-26T01:39:39.560Z"}
{"level":"info","message":"User krishna yadav disconnected","timestamp":"2025-04-26T01:39:51.734Z"}
{"level":"info","message":"New socket connection: 7HYyl4W0WhpnW7j0AAAV","timestamp":"2025-04-26T01:39:51.998Z"}
{"level":"info","message":"User krishna yadav disconnected","timestamp":"2025-04-26T01:40:17.694Z"}
{"level":"info","message":"New socket connection: oTyCzBD7b0I70ccVAAAX","timestamp":"2025-04-26T01:40:17.803Z"}
{"level":"info","message":"User krishna yadav disconnected","timestamp":"2025-04-26T01:40:19.743Z"}
{"level":"info","message":"New socket connection: bEyvfdL8ynhvfBLSAAAZ","timestamp":"2025-04-26T01:40:20.022Z"}
{"level":"info","message":"User krishna yadav disconnected","timestamp":"2025-04-26T01:40:26.879Z"}
{"level":"info","message":"New socket connection: yM6YVTMFh1BhyAm3AAAb","timestamp":"2025-04-26T01:40:27.168Z"}
{"level":"info","message":"User krishna yadav disconnected","timestamp":"2025-04-26T01:40:40.711Z"}
{"level":"info","message":"New socket connection: _io13paMi0eCdqeDAAAd","timestamp":"2025-04-26T01:40:40.982Z"}
{"level":"info","message":"User krishna yadav disconnected","timestamp":"2025-04-26T01:40:41.307Z"}
{"level":"info","message":"New socket connection: 1bjTT6TNIFJssc9uAAAh","timestamp":"2025-04-26T01:40:41.926Z"}
{"level":"info","message":"User krishna yadav disconnected","timestamp":"2025-04-26T01:40:50.804Z"}
{"level":"info","message":"New socket connection: utTk2bEzX464p7qJAAAj","timestamp":"2025-04-26T01:40:51.057Z"}
{"level":"warn","message":"Room capacity exceeded: 67f6e9759400d5da64e55b01","timestamp":"2025-04-26T01:41:13.798Z"}
{"level":"warn","message":"Room capacity exceeded: 67f6e9759400d5da64e55b01","timestamp":"2025-04-26T01:41:13.805Z"}
{"level":"info","message":"User krishna yadav disconnected","timestamp":"2025-04-26T01:46:05.629Z"}
{"level":"info","message":"New socket connection: x3_K4XK37BJ15FadAAAl","timestamp":"2025-04-26T01:46:05.953Z"}
{"level":"info","message":"User krishna yadav disconnected","timestamp":"2025-04-26T01:46:08.960Z"}
{"level":"info","message":"New socket connection: VnX_ZcMYuDoN39D_AAAn","timestamp":"2025-04-26T01:46:09.309Z"}
{"level":"warn","message":"Room capacity exceeded: 67f6e9759400d5da64e55b01","timestamp":"2025-04-26T01:46:11.636Z"}
{"level":"warn","message":"Room capacity exceeded: 67f6e9759400d5da64e55b01","timestamp":"2025-04-26T01:46:11.648Z"}
{"level":"info","message":"Server running on port 3001","timestamp":"2025-04-26T01:46:56.572Z"}
{"level":"info","message":"New socket connection: j-Kpt-PUwUHVMJRzAAAB","timestamp":"2025-04-26T01:46:58.356Z"}
{"level":"info","message":"New socket connection: gZE_Zx1BqR6YUTn7AAAD","timestamp":"2025-04-26T01:46:58.392Z"}
{"level":"info","message":"Server running on port 3001","timestamp":"2025-04-26T01:47:00.245Z"}
{"level":"info","message":"New socket connection: dGiLdpIeUjDp_NbBAAAB","timestamp":"2025-04-26T01:47:02.048Z"}
{"level":"info","message":"New socket connection: tM2lsC1cFusZK8xWAAAD","timestamp":"2025-04-26T01:47:02.086Z"}
{"level":"info","message":"User krishna yadav disconnected","timestamp":"2025-04-26T01:47:05.309Z"}
{"level":"info","message":"New socket connection: 7upuiaDYRM5rSx2eAAAF","timestamp":"2025-04-26T01:47:05.594Z"}
{"level":"info","message":"User krishna yadav disconnected","timestamp":"2025-04-26T01:47:22.804Z"}
{"level":"info","message":"New socket connection: ElJOsuqe0ICs_pUaAAAH","timestamp":"2025-04-26T01:47:23.056Z"}
{"level":"info","message":"User krishna yadav disconnected","timestamp":"2025-04-26T01:48:12.034Z"}
{"level":"info","message":"New socket connection: JhJyFidKHfAuUXOsAAAJ","timestamp":"2025-04-26T01:48:12.311Z"}
{"level":"warn","message":"Room capacity exceeded: 67f6e9759400d5da64e55b01","timestamp":"2025-04-26T01:48:13.449Z"}
{"level":"warn","message":"Room capacity exceeded: 67f6e9759400d5da64e55b01","timestamp":"2025-04-26T01:48:13.453Z"}
{"level":"info","message":"User krishna yadav disconnected","timestamp":"2025-04-26T01:48:14.978Z"}
{"level":"info","message":"New socket connection: aQHW126HCiMh-panAAAL","timestamp":"2025-04-26T01:48:15.371Z"}
{"level":"info","message":"User krishna yadav joined room 67f95f3d60740bb995858ee9","timestamp":"2025-04-26T01:48:17.667Z"}
{"level":"info","message":"User krishna yadav joined room 67f95f3d60740bb995858ee9","timestamp":"2025-04-26T01:48:25.382Z"}
{"level":"info","message":"User krishna yadav joined room 67f95f3d60740bb995858ee9","timestamp":"2025-04-26T01:48:25.386Z"}
{"level":"info","message":"Server running on port 3001","timestamp":"2025-04-26T01:52:12.232Z"}
{"level":"info","message":"New socket connection: JgyfUzLGw9yBpGfeAAAB","timestamp":"2025-04-26T01:52:13.032Z"}
{"level":"info","message":"New socket connection: 89_kdcBX3_bii0-3AAAD","timestamp":"2025-04-26T01:52:13.222Z"}
{"level":"info","message":"Server running on port 3001","timestamp":"2025-04-26T01:52:24.320Z"}
{"level":"info","message":"New socket connection: dWgTiUQqCJCjcaRYAAAD","timestamp":"2025-04-26T01:52:25.026Z"}
{"level":"info","message":"New socket connection: 01ennYKBUcoAqI4pAAAB","timestamp":"2025-04-26T01:52:25.173Z"}
{"level":"info","message":"Server running on port 3001","timestamp":"2025-04-26T01:52:28.896Z"}
{"level":"info","message":"New socket connection: -k_vHo4P5hT3ZizHAAAB","timestamp":"2025-04-26T01:52:30.022Z"}
{"level":"info","message":"New socket connection: YfVAaV-SBt1T_mt9AAAD","timestamp":"2025-04-26T01:52:30.027Z"}
{"level":"info","message":"User krishna yadav disconnected","timestamp":"2025-04-26T01:52:40.164Z"}
{"level":"info","message":"New socket connection: idOVb7LUWeZCxbY0AAAF","timestamp":"2025-04-26T01:52:40.995Z"}
{"level":"info","message":"User krishna yadav disconnected","timestamp":"2025-04-26T01:53:29.599Z"}
{"level":"info","message":"New socket connection: 4mRtyspfLsAjFkD2AAAH","timestamp":"2025-04-26T01:53:29.928Z"}
{"level":"info","message":"User krishna yadav disconnected","timestamp":"2025-04-26T01:53:30.989Z"}
{"level":"info","message":"New socket connection: mFEoinow0q61piyjAAAJ","timestamp":"2025-04-26T01:53:31.342Z"}
{"level":"info","message":"User krishna yadav disconnected","timestamp":"2025-04-26T01:54:06.715Z"}
{"level":"info","message":"New socket connection: HbJ6kphhr3zzhUANAAAL","timestamp":"2025-04-26T01:54:07.039Z"}
{"level":"info","message":"User krishna yadav disconnected","timestamp":"2025-04-26T01:54:08.841Z"}
{"level":"info","message":"New socket connection: iICogzwpm86uXnXXAAAN","timestamp":"2025-04-26T01:54:09.108Z"}
{"level":"info","message":"User krishna yadav joined room 67f95f3d60740bb995858ee9","timestamp":"2025-04-26T01:54:10.689Z"}
{"level":"info","message":"User krishna yadav joined room 67f95f3d60740bb995858ee9","timestamp":"2025-04-26T01:54:10.696Z"}
{"level":"info","message":"User krishna yadav disconnected","timestamp":"2025-04-26T01:54:11.497Z"}
{"level":"info","message":"New socket connection: Dm0Csn7PkrpvjooPAAAP","timestamp":"2025-04-26T01:54:11.929Z"}
{"level":"info","message":"User krishna yadav disconnected","timestamp":"2025-04-26T01:54:13.366Z"}
{"level":"info","message":"New socket connection: bgJV9vnOXZua-V38AAAR","timestamp":"2025-04-26T01:54:13.861Z"}
{"level":"warn","message":"Room capacity exceeded: 67f6e9759400d5da64e55b01","timestamp":"2025-04-26T01:54:15.602Z"}
{"level":"info","message":"User krishna yadav disconnected","timestamp":"2025-04-26T01:54:54.586Z"}
{"level":"info","message":"New socket connection: MU8Hyfd4Obak0rfpAAAT","timestamp":"2025-04-26T01:54:58.745Z"}
{"level":"info","message":"User krishna yadav disconnected","timestamp":"2025-04-26T01:55:34.017Z"}
{"level":"info","message":"New socket connection: rIlqKbPwqW0OoorfAAAV","timestamp":"2025-04-26T01:55:34.318Z"}
{"level":"warn","message":"Room capacity exceeded: 67f6e9759400d5da64e55b01","timestamp":"2025-04-26T01:56:50.074Z"}
{"level":"warn","message":"Room capacity exceeded: 67f6e9759400d5da64e55b01","timestamp":"2025-04-26T01:56:50.106Z"}
{"level":"info","message":"User krishna yadav disconnected","timestamp":"2025-04-26T01:57:41.129Z"}
{"level":"info","message":"New socket connection: 8dsABWDWPGe7T68bAAAX","timestamp":"2025-04-26T01:57:41.543Z"}
{"level":"info","message":"User krishna yadav disconnected","timestamp":"2025-04-26T02:01:57.904Z"}
{"level":"info","message":"New socket connection: LUdmGlkYCEzeo2oaAAAZ","timestamp":"2025-04-26T02:01:58.326Z"}
{"level":"info","message":"User krishna yadav disconnected","timestamp":"2025-04-26T02:02:18.947Z"}
{"level":"info","message":"New socket connection: mmagmDNdoGG5g6U2AAAb","timestamp":"2025-04-26T02:02:19.233Z"}
{"level":"error","message":"Avatar is already sold","method":"POST","path":"/api/avatar/purchase/680c36f519518e729b504a72","stack":"Error: Avatar is already sold\n    at S:\\0Krishna\\metaCode\\new_metacode\\metaCode\\Backend\\controllers\\avatar.controller.js:80:19\n    at process.processTicksAndRejections (node:internal/process/task_queues:105:5)","timestamp":"2025-04-26T02:02:23.790Z"}
{"level":"info","message":"User krishna yadav disconnected","timestamp":"2025-04-26T02:02:28.841Z"}
{"level":"info","message":"New socket connection: bldWbRlYd7mDapNtAAAd","timestamp":"2025-04-26T02:02:29.248Z"}
{"level":"warn","message":"Room capacity exceeded: 67f6e9759400d5da64e55b01","timestamp":"2025-04-26T02:02:31.817Z"}
{"level":"warn","message":"Room capacity exceeded: 67f6e9759400d5da64e55b01","timestamp":"2025-04-26T02:02:31.837Z"}
{"level":"info","message":"User krishna yadav disconnected","timestamp":"2025-04-26T02:02:42.458Z"}
{"level":"info","message":"New socket connection: cMsIhKBe51p9cGiNAAAf","timestamp":"2025-04-26T02:02:42.842Z"}
{"level":"info","message":"User krishna yadav disconnected","timestamp":"2025-04-26T02:03:29.110Z"}
{"level":"info","message":"New socket connection: LEGjB9oKUBbd13lnAAAh","timestamp":"2025-04-26T02:03:29.540Z"}
{"level":"info","message":"User krishna yadav disconnected","timestamp":"2025-04-26T02:07:53.166Z"}
{"level":"info","message":"New socket connection: QQNujMQ_t_Onyu7UAAAj","timestamp":"2025-04-26T02:07:53.547Z"}
{"level":"warn","message":"Room capacity exceeded: 67f6e9759400d5da64e55b01","timestamp":"2025-04-26T02:07:57.020Z"}
{"level":"warn","message":"Room capacity exceeded: 67f6e9759400d5da64e55b01","timestamp":"2025-04-26T02:07:57.031Z"}
{"level":"info","message":"Server running on port 3001","timestamp":"2025-04-26T02:09:38.102Z"}
{"level":"info","message":"Server running on port 3001","timestamp":"2025-04-26T02:09:39.217Z"}
{"level":"info","message":"New socket connection: -vNmKYdg26uDf2BAAAAB","timestamp":"2025-04-26T02:09:39.738Z"}
{"level":"info","message":"New socket connection: hnWJ2EN7py-LSNDNAAAD","timestamp":"2025-04-26T02:09:39.761Z"}
{"level":"info","message":"Server running on port 3001","timestamp":"2025-04-26T02:09:43.342Z"}
{"level":"info","message":"New socket connection: cy0TsjGYe9IFZG7iAAAD","timestamp":"2025-04-26T02:09:44.260Z"}
{"level":"info","message":"Server running on port 3001","timestamp":"2025-04-26T02:09:45.479Z"}
{"level":"info","message":"New socket connection: OW8sFWGbXE45JQdzAAAB","timestamp":"2025-04-26T02:09:46.117Z"}
{"level":"info","message":"New socket connection: zajQ_KPxf4YCHKyAAAAD","timestamp":"2025-04-26T02:09:46.144Z"}
{"level":"info","message":"User krishna yadav disconnected","timestamp":"2025-04-26T02:09:54.236Z"}
{"level":"info","message":"New socket connection: lHZgLpVY56RW79WDAAAF","timestamp":"2025-04-26T02:09:54.528Z"}
{"level":"info","message":"User krishna yadav disconnected","timestamp":"2025-04-26T02:12:03.399Z"}
{"level":"info","message":"New socket connection: jqSmKg2QBudzyKPHAAAH","timestamp":"2025-04-26T02:12:03.693Z"}
{"level":"info","message":"User krishna yadav disconnected","timestamp":"2025-04-26T02:12:41.710Z"}
{"level":"info","message":"New socket connection: XNtso0PDPBCYQELeAAAJ","timestamp":"2025-04-26T02:12:42.007Z"}
{"level":"info","message":"User krishna yadav disconnected","timestamp":"2025-04-26T02:16:59.159Z"}
{"level":"info","message":"New socket connection: qjse74J9nhvupfGNAAAL","timestamp":"2025-04-26T02:16:59.691Z"}
{"level":"info","message":"User krishna yadav disconnected","timestamp":"2025-04-26T02:17:03.443Z"}
{"level":"info","message":"User krishna yadav disconnected","timestamp":"2025-04-26T02:17:06.820Z"}
{"level":"info","message":"New socket connection: 6UArtJUqhMlBM02wAAAN","timestamp":"2025-04-26T02:17:07.251Z"}
{"level":"warn","message":"Room capacity exceeded: 67f6e9759400d5da64e55b01","timestamp":"2025-04-26T02:17:09.343Z"}
{"level":"warn","message":"Room capacity exceeded: 67f6e9759400d5da64e55b01","timestamp":"2025-04-26T02:17:09.359Z"}
{"level":"info","message":"User krishna yadav disconnected","timestamp":"2025-04-26T02:17:18.107Z"}
{"level":"info","message":"New socket connection: Wv_oRCVO6kOyGPtAAAAP","timestamp":"2025-04-26T02:17:18.530Z"}
{"level":"warn","message":"Room capacity exceeded: 67f6e9759400d5da64e55b01","timestamp":"2025-04-26T02:17:34.102Z"}
{"level":"warn","message":"Room capacity exceeded: 67f6e9759400d5da64e55b01","timestamp":"2025-04-26T02:17:34.122Z"}
{"level":"warn","message":"Room capacity exceeded: 67f6e9759400d5da64e55b01","timestamp":"2025-04-26T02:19:32.255Z"}
{"level":"warn","message":"Room capacity exceeded: 67f6e9759400d5da64e55b01","timestamp":"2025-04-26T02:19:32.261Z"}
{"level":"info","message":"Server running on port 3001","timestamp":"2025-04-26T02:22:52.547Z"}
{"level":"info","message":"New socket connection: _zmEv6g65x46zk24AAAB","timestamp":"2025-04-26T02:22:53.151Z"}
{"level":"info","message":"Server running on port 3001","timestamp":"2025-04-26T02:22:54.662Z"}
{"level":"info","message":"New socket connection: AUoZKc5i9Wo8_qeHAAAB","timestamp":"2025-04-26T02:22:55.228Z"}
{"level":"info","message":"Server running on port 3001","timestamp":"2025-04-26T02:25:42.570Z"}
{"level":"info","message":"Server running on port 3001","timestamp":"2025-04-26T02:25:44.019Z"}
{"level":"info","message":"New socket connection: EURTF5JEQr97H-8BAAAB","timestamp":"2025-04-26T02:25:44.560Z"}
{"level":"info","message":"Server running on port 3001","timestamp":"2025-04-26T02:25:51.641Z"}
{"level":"info","message":"New socket connection: TmL6mtCYsJi-Os84AAAB","timestamp":"2025-04-26T02:25:52.277Z"}
{"level":"info","message":"Server running on port 3001","timestamp":"2025-04-26T02:25:53.247Z"}
{"level":"info","message":"New socket connection: abMUgiw3RKKduK0pAAAB","timestamp":"2025-04-26T02:25:54.013Z"}
{"level":"info","message":"Server running on port 3001","timestamp":"2025-04-26T02:25:58.163Z"}
{"level":"info","message":"Server running on port 3001","timestamp":"2025-04-26T02:26:00.058Z"}
{"level":"info","message":"New socket connection: 9ENphi9fCxWyFG73AAAB","timestamp":"2025-04-26T02:26:00.631Z"}
{"level":"info","message":"Server running on port 3001","timestamp":"2025-04-26T02:27:32.526Z"}
{"level":"info","message":"New socket connection: rf1oP1K8rXKOw8UpAAAB","timestamp":"2025-04-26T02:27:34.019Z"}
{"level":"info","message":"Server running on port 3001","timestamp":"2025-04-26T02:28:06.903Z"}
{"level":"info","message":"New socket connection: dx7VTWTy-6yRs6uZAAAB","timestamp":"2025-04-26T02:28:08.570Z"}
{"level":"info","message":"Server running on port 3001","timestamp":"2025-04-26T02:28:36.791Z"}
{"level":"info","message":"New socket connection: I1lLwJ7m18cBbnJ8AAAB","timestamp":"2025-04-26T02:28:38.318Z"}
{"level":"info","message":"Server running on port 3001","timestamp":"2025-04-26T02:28:58.319Z"}
{"level":"info","message":"New socket connection: kSuYHYNBq5DCkgiYAAAB","timestamp":"2025-04-26T02:28:59.879Z"}
{"level":"info","message":"Server running on port 3001","timestamp":"2025-04-26T02:29:40.479Z"}
{"level":"info","message":"New socket connection: bdnTGaK5yug041nNAAAB","timestamp":"2025-04-26T02:29:41.098Z"}
{"level":"info","message":"Server running on port 3001","timestamp":"2025-04-26T02:29:47.002Z"}
{"level":"info","message":"New socket connection: HiOXFu9TV9x2Xw1gAAAB","timestamp":"2025-04-26T02:29:49.604Z"}
{"level":"info","message":"User krishna yadav disconnected","timestamp":"2025-04-26T02:29:59.748Z"}
{"level":"info","message":"New socket connection: RIZzas86K7tCIuHjAAAD","timestamp":"2025-04-26T02:30:00.092Z"}
{"level":"warn","message":"Room capacity exceeded: 67f6e9759400d5da64e55b01","timestamp":"2025-04-26T02:32:26.324Z"}
{"level":"warn","message":"Room capacity exceeded: 67f6e9759400d5da64e55b01","timestamp":"2025-04-26T02:32:26.332Z"}
{"level":"warn","message":"Room capacity exceeded: 67f6e9759400d5da64e55b01","timestamp":"2025-04-26T02:35:16.922Z"}
{"level":"warn","message":"Room capacity exceeded: 67f6e9759400d5da64e55b01","timestamp":"2025-04-26T02:35:16.926Z"}
{"level":"info","message":"Server running on port 3001","timestamp":"2025-04-26T02:38:25.505Z"}
{"level":"info","message":"New socket connection: JXLBQhMT5RYNSnIrAAAB","timestamp":"2025-04-26T02:38:27.015Z"}
{"level":"warn","message":"Room capacity exceeded: 67f6e9759400d5da64e55b01","timestamp":"2025-04-26T02:38:27.063Z"}
{"level":"info","message":"Server running on port 3001","timestamp":"2025-04-26T02:38:30.814Z"}
{"level":"info","message":"Server running on port 3001","timestamp":"2025-04-26T02:38:32.317Z"}
{"level":"info","message":"New socket connection: Syhihsr2cWvy-1K2AAAB","timestamp":"2025-04-26T02:38:33.965Z"}
{"level":"warn","message":"Room capacity exceeded: 67f6e9759400d5da64e55b01","timestamp":"2025-04-26T02:38:34.322Z"}
{"level":"info","message":"User krishna yadav disconnected","timestamp":"2025-04-26T02:38:54.065Z"}
{"level":"info","message":"New socket connection: No3Fo9zYqE3_0tqmAAAD","timestamp":"2025-04-26T02:38:54.442Z"}
{"level":"warn","message":"Room capacity exceeded: 67f6e9759400d5da64e55b01","timestamp":"2025-04-26T02:38:56.116Z"}
{"level":"info","message":"Server running on port 3001","timestamp":"2025-04-26T02:40:50.610Z"}
{"level":"info","message":"Server running on port 3001","timestamp":"2025-04-26T02:41:16.253Z"}
{"level":"info","message":"New socket connection: FKRXn5W8gtcuDCM5AAAB","timestamp":"2025-04-26T02:41:24.583Z"}
{"level":"warn","message":"Room capacity exceeded: 67f6e9759400d5da64e55b01","timestamp":"2025-04-26T02:41:25.764Z"}
{"level":"info","message":"Server running on port 3001","timestamp":"2025-04-26T02:44:17.940Z"}
{"level":"info","message":"New socket connection: oNqnQYJeOM45JzWNAAAB","timestamp":"2025-04-26T02:44:18.771Z"}
{"level":"info","message":"User krishna yadav disconnected","timestamp":"2025-04-26T02:44:30.162Z"}
{"level":"info","message":"New socket connection: XWyYiPU_3xZoth8nAAAD","timestamp":"2025-04-26T02:44:30.567Z"}
{"error":"Room validation failed: members.0.user: Path `user` is required.","level":"error","message":"Error joining room","roomId":"67f6e9759400d5da64e55b01","timestamp":"2025-04-26T02:44:35.158Z"}
{"error":"Room validation failed: members.0.user: Path `user` is required.","level":"error","message":"Error joining room","roomId":"67f6e9759400d5da64e55b01","timestamp":"2025-04-26T02:44:35.164Z"}
{"error":"Room validation failed: members.0.user: Path `user` is required.","level":"error","message":"Error joining room","roomId":"67f6e9759400d5da64e55b01","timestamp":"2025-04-26T02:45:33.229Z"}
{"error":"Room validation failed: members.0.user: Path `user` is required.","level":"error","message":"Error joining room","roomId":"67f6e9759400d5da64e55b01","timestamp":"2025-04-26T02:45:33.237Z"}
{"level":"info","message":"Server running on port 3001","timestamp":"2025-04-26T02:46:53.743Z"}
{"level":"info","message":"New socket connection: MXzDT10vub-3BdT8AAAB","timestamp":"2025-04-26T02:46:54.264Z"}
{"level":"info","message":"Server running on port 3001","timestamp":"2025-04-26T02:47:01.060Z"}
{"level":"info","message":"New socket connection: td7nvW82gLfmiAMiAAAB","timestamp":"2025-04-26T02:47:01.598Z"}
{"level":"info","message":"User krishna yadav disconnected","timestamp":"2025-04-26T02:47:03.088Z"}
{"level":"info","message":"New socket connection: Y73VE-9ozUhOJeidAAAD","timestamp":"2025-04-26T02:47:03.390Z"}
{"level":"info","message":"Server running on port 3001","timestamp":"2025-04-26T02:53:18.747Z"}
{"level":"info","message":"New socket connection: JxSOhm_qEhvjsNjLAAAB","timestamp":"2025-04-26T02:53:20.031Z"}
{"level":"info","message":"Server running on port 3001","timestamp":"2025-04-26T02:54:31.442Z"}
{"level":"info","message":"New socket connection: O2sTc8n6lviaNHceAAAB","timestamp":"2025-04-26T02:54:32.257Z"}
{"level":"info","message":"Server running on port 3001","timestamp":"2025-04-26T02:56:09.622Z"}
{"level":"info","message":"New socket connection: 11eaUFSsCexvyzazAAAB","timestamp":"2025-04-26T02:56:11.007Z"}
{"level":"info","message":"Server running on port 3001","timestamp":"2025-04-26T02:57:18.355Z"}
{"level":"info","message":"New socket connection: 7FhUzeLtwT397KLKAAAB","timestamp":"2025-04-26T02:57:19.891Z"}
{"level":"info","message":"Server running on port 3001","timestamp":"2025-04-26T03:01:51.311Z"}
{"level":"info","message":"New socket connection: kAnF2A8YpH3xBqy5AAAB","timestamp":"2025-04-26T03:01:53.018Z"}
{"level":"info","message":"Server running on port 3001","timestamp":"2025-04-26T03:01:55.935Z"}
{"level":"info","message":"New socket connection: D1189VNhLtru_AIlAAAB","timestamp":"2025-04-26T03:01:56.440Z"}
{"level":"info","message":"Server running on port 3001","timestamp":"2025-04-26T03:01:57.275Z"}
{"level":"info","message":"New socket connection: cL83HzVsoo1oUHy_AAAB","timestamp":"2025-04-26T03:01:59.222Z"}
{"level":"info","message":"Server running on port 3001","timestamp":"2025-04-26T03:02:02.083Z"}
{"level":"info","message":"New socket connection: -zl33MFn2RY_o0Z-AAAB","timestamp":"2025-04-26T03:02:03.752Z"}
{"error":"Room validation failed: members.0.user: Path `user` is required.","level":"error","message":"Error joining room","roomId":"67f6e9759400d5da64e55b01","timestamp":"2025-04-26T03:02:06.362Z"}
{"error":"Room validation failed: members.0.user: Path `user` is required.","level":"error","message":"Error joining room","roomId":"67f6e9759400d5da64e55b01","timestamp":"2025-04-26T03:02:06.365Z"}
{"level":"info","message":"User krishna yadav disconnected","timestamp":"2025-04-26T03:02:08.111Z"}
{"level":"info","message":"New socket connection: vZhnxX6QcSJ3uxYZAAAD","timestamp":"2025-04-26T03:02:08.486Z"}
{"level":"warn","message":"Room capacity exceeded: 67f94c0e60740bb995858da6","timestamp":"2025-04-26T03:02:10.323Z"}
{"level":"info","message":"Server running on port 3001","timestamp":"2025-04-26T03:04:35.114Z"}
{"level":"info","message":"New socket connection: H_wn9adR330f5PoKAAAB","timestamp":"2025-04-26T03:04:35.696Z"}
{"level":"info","message":"Server running on port 3001","timestamp":"2025-04-26T03:05:35.536Z"}
{"level":"info","message":"New socket connection: 8xJFQrLdZM8B5CyXAAAB","timestamp":"2025-04-26T03:05:37.236Z"}
{"level":"warn","message":"Room capacity exceeded: 67f94c0e60740bb995858da6","timestamp":"2025-04-26T03:08:35.438Z"}
{"level":"warn","message":"Room capacity exceeded: 67f94c0e60740bb995858da6","timestamp":"2025-04-26T03:08:35.460Z"}
{"level":"info","message":"User krishna yadav disconnected","timestamp":"2025-04-26T03:14:53.928Z"}
{"level":"info","message":"New socket connection: QqZw8h2pH7goz2AHAAAD","timestamp":"2025-04-26T03:14:53.934Z"}
{"level":"warn","message":"Room capacity exceeded: 67f94c0e60740bb995858da6","timestamp":"2025-04-26T03:14:55.976Z"}
{"level":"warn","message":"Room capacity exceeded: 67f94c0e60740bb995858da6","timestamp":"2025-04-26T03:15:32.825Z"}
{"level":"warn","message":"Room capacity exceeded: 67f94c0e60740bb995858da6","timestamp":"2025-04-26T03:15:32.887Z"}
{"level":"info","message":"Server running on port 3001","timestamp":"2025-04-26T03:59:00.783Z"}
{"level":"info","message":"New socket connection: _B_JbtZf3Dw2JoVyAAAB","timestamp":"2025-04-26T04:00:46.671Z"}
{"level":"info","message":"New socket connection: YbDU7UTUMkJuoLHLAAAD","timestamp":"2025-04-26T04:00:47.748Z"}
{"level":"info","message":"User krishna yadav joined room 67f6e9759400d5da64e55b01","timestamp":"2025-04-26T04:00:50.147Z"}
{"error":"getaddrinfo ENOTFOUND ac-0zdhq68-shard-00-01.dhctmjl.mongodb.net","level":"error","message":"Error during disconnect","timestamp":"2025-04-26T04:09:56.784Z"}
{"level":"error","message":"Error retrieving user avatars","method":"GET","path":"/api/avatar/my-avatars","stack":"getaddrinfo ENOTFOUND ac-0zdhq68-shard-00-00.dhctmjl.mongodb.net","timestamp":"2025-04-26T04:10:26.785Z"}
{"error":"getaddrinfo ENOTFOUND ac-0zdhq68-shard-00-00.dhctmjl.mongodb.net","level":"error","message":"Socket authentication failed","timestamp":"2025-04-26T04:10:26.787Z"}
{"level":"error","message":"Error retrieving avatars from store","method":"GET","path":"/api/avatar","stack":"getaddrinfo ENOTFOUND ac-0zdhq68-shard-00-00.dhctmjl.mongodb.net","timestamp":"2025-04-26T04:10:26.789Z"}
{"level":"error","message":"Error retrieving avatars from store","method":"GET","path":"/api/avatar","stack":"getaddrinfo ENOTFOUND ac-0zdhq68-shard-00-00.dhctmjl.mongodb.net","timestamp":"2025-04-26T04:10:26.791Z"}
{"error":"getaddrinfo ENOTFOUND ac-0zdhq68-shard-00-00.dhctmjl.mongodb.net","level":"error","message":"Socket authentication failed","timestamp":"2025-04-26T04:10:26.795Z"}
{"level":"info","message":"Server running on port 3001","timestamp":"2025-04-26T04:12:23.736Z"}
{"level":"info","message":"New socket connection: Vzv7iv9o4SYOnWlOAAAB","timestamp":"2025-04-26T04:12:26.020Z"}
{"level":"info","message":"New socket connection: EKM93FRTWihVQeN7AAAD","timestamp":"2025-04-26T04:13:05.088Z"}
{"level":"info","message":"User krishna yadav joined room 67f6e9759400d5da64e55b01","timestamp":"2025-04-26T04:13:07.229Z"}
